Date,Temp C,Holiday,Demand
01/01/2017 01:00,-4.71,1,3.97
01/01/2017 02:00,-5.64,1,3.93
01/01/2017 03:00,-6.14,1,3.27
01/01/2017 04:00,-6,1,2.96
01/01/2017 05:00,-6.71,1,2.94
01/01/2017 06:00,-7.07,1,3.04
01/01/2017 07:00,-7.07,1,3.32
01/01/2017 08:00,-7.21,1,3.5
01/01/2017 09:00,-7.29,1,3.82
01/01/2017 10:00,-5.79,1,3.97
01/01/2017 11:00,-3.57,1,4.48
01/01/2017 12:00,-1.29,1,4.77
01/01/2017 13:00,0.71,1,4.88
01/01/2017 14:00,1.5,1,4.83
01/01/2017 15:00,2.43,1,4.88
01/01/2017 16:00,2,1,4.71
01/01/2017 17:00,1.64,1,4.55
01/01/2017 18:00,0.29,1,4.24
01/01/2017 19:00,-0.86,1,4.16
01/01/2017 20:00,-1.86,1,4.59
01/01/2017 21:00,-2.57,1,4.9
01/01/2017 22:00,-2.86,1,4.77
01/01/2017 23:00,-3.57,1,4.53
02/01/2017 00:00,-4.14,1,4.18
02/01/2017 01:00,-4.36,1,4.23
02/01/2017 02:00,-4.79,1,4.1
02/01/2017 03:00,-5.21,1,3.81
02/01/2017 04:00,-5.71,1,3.97
02/01/2017 05:00,-6,1,4.06
02/01/2017 06:00,-6.36,1,3.94
02/01/2017 07:00,-7,1,4.28
02/01/2017 08:00,-7.14,1,4.77
02/01/2017 09:00,-6.86,1,4.73
02/01/2017 10:00,-5.5,1,4.67
02/01/2017 11:00,-3.21,1,5.16
02/01/2017 12:00,-0.5,1,5.35
02/01/2017 13:00,1.29,1,5.42
02/01/2017 14:00,3.07,1,5.11
02/01/2017 15:00,4.36,1,5.16
02/01/2017 16:00,4.5,1,5.07
02/01/2017 17:00,3.93,1,5.23
02/01/2017 18:00,2.21,1,5.36
02/01/2017 19:00,1,1,5.44
02/01/2017 20:00,-1.07,1,5.39
02/01/2017 21:00,-1.64,1,5.29
02/01/2017 22:00,-1.86,1,4.69
02/01/2017 23:00,-2.5,1,4.57
03/01/2017 00:00,-3.14,1,4.31
03/01/2017 01:00,-3.43,0,4.23
03/01/2017 02:00,-4,0,3.98
03/01/2017 03:00,-4.43,0,3.91
03/01/2017 04:00,-4.14,0,3.89
03/01/2017 05:00,-4.86,0,3.88
03/01/2017 06:00,-4.71,0,3.79
03/01/2017 07:00,-4.5,0,3.92
03/01/2017 08:00,-5,0,5.24
03/01/2017 09:00,-5,0,5.72
03/01/2017 10:00,-3.43,0,5.92
03/01/2017 11:00,-0.86,0,6.12
03/01/2017 12:00,1.21,0,6.03
03/01/2017 13:00,3.29,0,5.91
03/01/2017 14:00,4.86,0,5.59
03/01/2017 15:00,5.79,0,5.68
03/01/2017 16:00,5.71,0,5.63
03/01/2017 17:00,5.29,0,5.83
03/01/2017 18:00,3.64,0,5.85
03/01/2017 19:00,2.93,0,5.88
03/01/2017 20:00,2.07,0,5.79
03/01/2017 21:00,1.57,0,5.65
03/01/2017 22:00,1.36,0,4.98
03/01/2017 23:00,0.71,0,4.66
04/01/2017 00:00,0.36,0,4.39
04/01/2017 01:00,0.64,0,4.01
04/01/2017 02:00,0.14,0,3.82
04/01/2017 03:00,0.07,0,3.8
04/01/2017 04:00,-0.14,0,3.91
04/01/2017 05:00,-0.21,0,3.98
04/01/2017 06:00,-0.71,0,3.83
04/01/2017 07:00,-0.79,0,4.36
04/01/2017 08:00,-1.36,0,5.45
04/01/2017 09:00,-1.5,0,5.8
04/01/2017 10:00,-0.79,0,5.82
04/01/2017 11:00,0.71,0,6.12
04/01/2017 12:00,2.43,0,6.11
04/01/2017 13:00,3.5,0,6.06
04/01/2017 14:00,4.43,0,5.81
04/01/2017 15:00,5,0,5.81
04/01/2017 16:00,5.5,0,5.85
04/01/2017 17:00,5.21,0,5.77
04/01/2017 18:00,3.79,0,5.59
04/01/2017 19:00,2.86,0,5.67
04/01/2017 20:00,2.29,0,5.75
04/01/2017 21:00,1.79,0,5.73
04/01/2017 22:00,1.21,0,5.2
04/01/2017 23:00,0.71,0,4.9
05/01/2017 00:00,0.57,0,4.66
05/01/2017 01:00,0.79,0,4.38
05/01/2017 02:00,0.29,0,4.14
05/01/2017 03:00,-0.29,0,3.88
05/01/2017 04:00,0.57,0,3.94
05/01/2017 05:00,0.14,0,3.99
05/01/2017 06:00,0.07,0,4.02
05/01/2017 07:00,0.43,0,4.44
05/01/2017 08:00,0.29,0,5.21
05/01/2017 09:00,0,0,5.64
05/01/2017 10:00,1.29,0,5.9
05/01/2017 11:00,3,0,5.99
05/01/2017 12:00,3.07,0,6.15
05/01/2017 13:00,3.71,0,5.9
05/01/2017 14:00,4.29,0,5.62
05/01/2017 15:00,4.36,0,5.74
05/01/2017 16:00,4.14,0,5.89
05/01/2017 17:00,3.5,0,5.9
05/01/2017 18:00,2.79,0,5.64
05/01/2017 19:00,2.21,0,5.92
05/01/2017 20:00,1.79,0,5.77
05/01/2017 21:00,1.64,0,5.56
05/01/2017 22:00,1.5,0,5.06
05/01/2017 23:00,1.29,0,4.92
06/01/2017 00:00,0.71,0,4.57
06/01/2017 01:00,0.86,0,4.31
06/01/2017 02:00,0.93,0,4.02
06/01/2017 03:00,0.93,0,3.95
06/01/2017 04:00,0.86,0,3.85
06/01/2017 05:00,0.86,0,3.8
06/01/2017 06:00,0.86,0,3.74
06/01/2017 07:00,-0.21,0,4.06
06/01/2017 08:00,-1.07,0,5.07
06/01/2017 09:00,-1.93,0,5.49
06/01/2017 10:00,-3.21,0,5.42
06/01/2017 11:00,-3.64,0,5.73
06/01/2017 12:00,-4.5,0,5.85
06/01/2017 13:00,-5.14,0,5.24
06/01/2017 14:00,-5.5,0,5.57
06/01/2017 15:00,-5.71,0,5.51
06/01/2017 16:00,-5.86,0,5.55
06/01/2017 17:00,-6.21,0,5.44
06/01/2017 18:00,-7.07,0,5.81
06/01/2017 19:00,-7.5,0,6.05
06/01/2017 20:00,-8.07,0,6.12
06/01/2017 21:00,-8.36,0,5.75
06/01/2017 22:00,-8.57,0,5.34
06/01/2017 23:00,-8.86,0,5.04
07/01/2017 00:00,-9.21,0,4.71
07/01/2017 01:00,-9.36,0,4.35
07/01/2017 02:00,-9.5,0,4.23
07/01/2017 03:00,-9.64,0,4.1
07/01/2017 04:00,-9.43,0,4.12
07/01/2017 05:00,-9.93,0,4.19
07/01/2017 06:00,-10.21,0,4.05
07/01/2017 07:00,-10.14,0,4.19
07/01/2017 08:00,-10.29,0,4.53
07/01/2017 09:00,-10.57,0,4.34
07/01/2017 10:00,-10.79,0,4.94
07/01/2017 11:00,-10.5,0,5.08
07/01/2017 12:00,-10.29,0,5.26
07/01/2017 13:00,-9.86,0,5.31
07/01/2017 14:00,-9.64,0,5.32
07/01/2017 15:00,-9.36,0,5.57
07/01/2017 16:00,-9.07,0,5.58
07/01/2017 17:00,-9.07,0,5.73
07/01/2017 18:00,-10,0,5.8
07/01/2017 19:00,-10.5,0,5.94
07/01/2017 20:00,-10.57,0,6.09
07/01/2017 21:00,-11.07,0,5.86
07/01/2017 22:00,-11.07,0,5.63
07/01/2017 23:00,-11,0,5.25
08/01/2017 00:00,-11.21,0,4.9
08/01/2017 01:00,-11.57,0,4.61
08/01/2017 02:00,-11.79,0,4.64
08/01/2017 03:00,-12.14,0,4.47
08/01/2017 04:00,-12,0,4.41
08/01/2017 05:00,-12.43,0,4.39
08/01/2017 06:00,-12.71,0,4.3
08/01/2017 07:00,-12.43,0,4.44
08/01/2017 08:00,-13.14,0,4.94
08/01/2017 09:00,-13.14,0,5.02
08/01/2017 10:00,-12.5,0,5.03
08/01/2017 11:00,-11.93,0,5.29
08/01/2017 12:00,-10.29,0,5.53
08/01/2017 13:00,-9.71,0,5.59
08/01/2017 14:00,-8.36,0,5.58
08/01/2017 15:00,-8.14,0,5.61
08/01/2017 16:00,-8.07,0,5.56
08/01/2017 17:00,-8.29,0,5.57
08/01/2017 18:00,-9,0,5.63
08/01/2017 19:00,-9.57,0,5.53
08/01/2017 20:00,-9.71,0,5.62
08/01/2017 21:00,-9.64,0,5.44
08/01/2017 22:00,-9.79,0,5.17
08/01/2017 23:00,-9.71,0,5.02
09/01/2017 00:00,-10,0,4.74
09/01/2017 01:00,-9.93,0,4.57
09/01/2017 02:00,-10.29,0,4.51
09/01/2017 03:00,-10.36,0,4.39
09/01/2017 04:00,-10.14,0,4.32
09/01/2017 05:00,-10.36,0,4.41
09/01/2017 06:00,-10.14,0,4.32
09/01/2017 07:00,-10.43,0,4.71
09/01/2017 08:00,-10.29,0,5.68
09/01/2017 09:00,-10.71,0,5.92
09/01/2017 10:00,-10.07,0,6.09
09/01/2017 11:00,-9.64,0,6.3
09/01/2017 12:00,-8.71,0,6.44
09/01/2017 13:00,-8.07,0,6.34
09/01/2017 14:00,-8,0,5.95
09/01/2017 15:00,-7.79,0,5.96
09/01/2017 16:00,-8,0,6.34
09/01/2017 17:00,-8.29,0,6.28
09/01/2017 18:00,-8.93,0,6.26
09/01/2017 19:00,-9.86,0,6.35
09/01/2017 20:00,-9.93,0,6.25
09/01/2017 21:00,-10.43,0,5.84
09/01/2017 22:00,-10.93,0,5.53
09/01/2017 23:00,-10.79,0,5.36
10/01/2017 00:00,-11.29,0,5.1
10/01/2017 01:00,-11.21,0,4.82
10/01/2017 02:00,-11.57,0,4.59
10/01/2017 03:00,-11.43,0,4.51
10/01/2017 04:00,-11.29,0,4.41
10/01/2017 05:00,-11.07,0,4.46
10/01/2017 06:00,-10.71,0,4.43
10/01/2017 07:00,-10.86,0,4.69
10/01/2017 08:00,-10.79,0,5.48
10/01/2017 09:00,-10.71,0,5.86
10/01/2017 10:00,-10.07,0,6.1
10/01/2017 11:00,-9.14,0,6.3
10/01/2017 12:00,-8.07,0,6.47
10/01/2017 13:00,-7.57,0,6.25
10/01/2017 14:00,-7.07,0,6.08
10/01/2017 15:00,-6.5,0,5.89
10/01/2017 16:00,-6.64,0,6.26
10/01/2017 17:00,-6.86,0,6.03
10/01/2017 18:00,-7.14,0,5.96
10/01/2017 19:00,-7.21,0,6.17
10/01/2017 20:00,-7.36,0,6.06
10/01/2017 21:00,-7.5,0,5.76
10/01/2017 22:00,-7.21,0,5.65
10/01/2017 23:00,-7.5,0,5.28
11/01/2017 00:00,-7.43,0,4.89
11/01/2017 01:00,-7.57,0,4.7
11/01/2017 02:00,-7.93,0,4.6
11/01/2017 03:00,-8.14,0,4.44
11/01/2017 04:00,-8.64,0,4.4
11/01/2017 05:00,-9.07,0,4.38
11/01/2017 06:00,-9.21,0,4.37
11/01/2017 07:00,-9.36,0,4.65
11/01/2017 08:00,-10.29,0,5.45
11/01/2017 09:00,-10.86,0,5.81
11/01/2017 10:00,-9.79,0,6
11/01/2017 11:00,-8.36,0,6.24
11/01/2017 12:00,-6.79,0,6.3
11/01/2017 13:00,-6.79,0,6.36
11/01/2017 14:00,-5.93,0,6.22
11/01/2017 15:00,-5.36,0,6.26
11/01/2017 16:00,-5.21,0,6.2
11/01/2017 17:00,-5.29,0,6.28
11/01/2017 18:00,-6,0,6.22
11/01/2017 19:00,-6.79,0,6.27
11/01/2017 20:00,-7.07,0,6.17
11/01/2017 21:00,-7.07,0,6.03
11/01/2017 22:00,-7.21,0,5.58
11/01/2017 23:00,-7.07,0,5.23
12/01/2017 00:00,-7.14,0,4.92
12/01/2017 01:00,-7.57,0,4.77
12/01/2017 02:00,-7.14,0,4.51
12/01/2017 03:00,-7.21,0,4.33
12/01/2017 04:00,-7.57,0,4.43
12/01/2017 05:00,-8.71,0,4.48
12/01/2017 06:00,-9.43,0,4.35
12/01/2017 07:00,-10.21,0,4.67
12/01/2017 08:00,-11.43,0,5.52
12/01/2017 09:00,-11.21,0,5.76
12/01/2017 10:00,-10,0,6.07
12/01/2017 11:00,-8.29,0,6.41
12/01/2017 12:00,-5.86,0,6.53
12/01/2017 13:00,-4.21,0,6.25
12/01/2017 14:00,-2.43,0,5.97
12/01/2017 15:00,-1.57,0,6.03
12/01/2017 16:00,-1.21,0,6.12
12/01/2017 17:00,-0.36,0,5.92
12/01/2017 18:00,-1.29,0,5.94
12/01/2017 19:00,-1.36,0,6.03
12/01/2017 20:00,-1.71,0,5.93
12/01/2017 21:00,-2.14,0,5.74
12/01/2017 22:00,-2.71,0,5.43
12/01/2017 23:00,-3.5,0,5.24
13/01/2017 00:00,-3.43,0,4.9
13/01/2017 01:00,-3.86,0,4.66
13/01/2017 02:00,-4.36,0,4.48
13/01/2017 03:00,-4.86,0,4.3
13/01/2017 04:00,-5,0,4.35
13/01/2017 05:00,-5.79,0,4.38
13/01/2017 06:00,-6.36,0,4.31
13/01/2017 07:00,-6.64,0,4.54
13/01/2017 08:00,-7.21,0,5.51
13/01/2017 09:00,-6.64,0,5.28
13/01/2017 10:00,-5.86,0,5.28
13/01/2017 11:00,-3.29,0,5.4
13/01/2017 12:00,-1.43,0,5.51
13/01/2017 13:00,0.36,0,5.41
13/01/2017 14:00,1.79,0,5.06
13/01/2017 15:00,2.36,0,5.05
13/01/2017 16:00,2.57,0,5.42
13/01/2017 17:00,2.5,0,5.72
13/01/2017 18:00,2.14,0,5.69
13/01/2017 19:00,1.43,0,5.99
13/01/2017 20:00,0.71,0,5.99
13/01/2017 21:00,0.5,0,5.8
13/01/2017 22:00,0.43,0,5.58
13/01/2017 23:00,0.57,0,5.24
14/01/2017 00:00,0.5,0,4.91
14/01/2017 01:00,0.57,0,4.62
14/01/2017 02:00,0.36,0,4.49
14/01/2017 03:00,0.29,0,4.31
14/01/2017 04:00,1.14,0,4.35
14/01/2017 05:00,1.43,0,4.29
14/01/2017 06:00,1.36,0,4.12
14/01/2017 07:00,1.86,0,4.45
14/01/2017 08:00,1.79,0,4.92
14/01/2017 09:00,2,0,5.01
14/01/2017 10:00,3.14,0,5.03
14/01/2017 11:00,3.57,0,5.4
14/01/2017 12:00,4.07,0,5.5
14/01/2017 13:00,4.79,0,5.58
14/01/2017 14:00,4.79,0,5.31
14/01/2017 15:00,4.93,0,5.34
14/01/2017 16:00,4.71,0,5.2
14/01/2017 17:00,4.07,0,5.35
14/01/2017 18:00,2.93,0,5.5
14/01/2017 19:00,2.43,0,5.76
14/01/2017 20:00,1.71,0,5.75
14/01/2017 21:00,1.64,0,5.44
14/01/2017 22:00,1.57,0,5.27
14/01/2017 23:00,1.57,0,4.94
15/01/2017 00:00,0.86,0,4.55
15/01/2017 01:00,0.93,0,4.3
15/01/2017 02:00,0.21,0,3.95
15/01/2017 03:00,0,0,3.73
15/01/2017 04:00,-0.36,0,3.67
15/01/2017 05:00,-1.21,0,3.58
15/01/2017 06:00,-1.79,0,3.57
15/01/2017 07:00,-1.93,0,3.85
15/01/2017 08:00,-2.36,0,4.3
15/01/2017 09:00,-2.5,0,4.35
15/01/2017 10:00,-1.86,0,4.37
15/01/2017 11:00,-0.5,0,4.58
15/01/2017 12:00,0.5,0,4.75
15/01/2017 13:00,1.79,0,4.66
15/01/2017 14:00,3,0,4.39
15/01/2017 15:00,3,0,4.51
15/01/2017 16:00,2.86,0,4.71
15/01/2017 17:00,2.5,0,4.7
15/01/2017 18:00,1.86,0,4.58
15/01/2017 19:00,-0.14,0,4.8
15/01/2017 20:00,-1.5,0,4.73
15/01/2017 21:00,-2.57,0,4.71
15/01/2017 22:00,-3.29,0,4.34
15/01/2017 23:00,-4.07,0,4.33
16/01/2017 00:00,-5.07,0,3.85
16/01/2017 01:00,-5.71,0,3.78
16/01/2017 02:00,-6.07,0,3.74
16/01/2017 03:00,-6.29,0,3.91
16/01/2017 04:00,-5.93,0,4.05
16/01/2017 05:00,-6.5,0,4.08
16/01/2017 06:00,-6.29,0,4.19
16/01/2017 07:00,-6,0,4.59
16/01/2017 08:00,-5.57,0,5.49
16/01/2017 09:00,-5.14,0,5.72
16/01/2017 10:00,-4.36,0,5.88
16/01/2017 11:00,-3.29,0,6.06
16/01/2017 12:00,-2.43,0,6.38
16/01/2017 13:00,-1.43,0,6.06
16/01/2017 14:00,-0.93,0,5.96
16/01/2017 15:00,-0.64,0,5.94
16/01/2017 16:00,-0.14,0,6.11
16/01/2017 17:00,-0.29,0,6.06
16/01/2017 18:00,-0.36,0,5.9
16/01/2017 19:00,-0.64,0,6.01
16/01/2017 20:00,-0.71,0,5.92
16/01/2017 21:00,-0.64,0,5.62
16/01/2017 22:00,-0.36,0,5.31
16/01/2017 23:00,-0.43,0,5.1
17/01/2017 00:00,-0.43,0,4.84
17/01/2017 01:00,-0.43,0,4.55
17/01/2017 02:00,-0.07,0,4.18
17/01/2017 03:00,-0.21,0,4.26
17/01/2017 04:00,-0.14,0,4.11
17/01/2017 05:00,-0.29,0,4.25
17/01/2017 06:00,0.21,0,4.19
17/01/2017 07:00,0,0,4.48
17/01/2017 08:00,0.07,0,5.29
17/01/2017 09:00,-0.07,0,5.6
17/01/2017 10:00,0.29,0,5.78
17/01/2017 11:00,0.64,0,5.82
17/01/2017 12:00,0.64,0,6.06
17/01/2017 13:00,1.29,0,6.08
17/01/2017 14:00,1.29,0,5.68
17/01/2017 15:00,1.5,0,5.89
17/01/2017 16:00,1.86,0,5.87
17/01/2017 17:00,1.79,0,5.88
17/01/2017 18:00,1.07,0,5.71
17/01/2017 19:00,0.64,0,5.89
17/01/2017 20:00,0.64,0,5.88
17/01/2017 21:00,0.36,0,5.77
17/01/2017 22:00,0.29,0,5.22
17/01/2017 23:00,0.29,0,4.97
18/01/2017 00:00,0,0,4.67
18/01/2017 01:00,-0.36,0,4.54
18/01/2017 02:00,-0.36,0,4.25
18/01/2017 03:00,-0.43,0,4.24
18/01/2017 04:00,-0.71,0,4.11
18/01/2017 05:00,-1.07,0,4.11
18/01/2017 06:00,-1.43,0,4.03
18/01/2017 07:00,-1.21,0,4.3
18/01/2017 08:00,-1.64,0,5.22
18/01/2017 09:00,-1.5,0,5.54
18/01/2017 10:00,-1.64,0,5.55
18/01/2017 11:00,-1.5,0,6.03
18/01/2017 12:00,-1.21,0,6.12
18/01/2017 13:00,-0.57,0,5.34
18/01/2017 14:00,-0.79,0,5.58
18/01/2017 15:00,-0.57,0,6.07
18/01/2017 16:00,-0.43,0,6.06
18/01/2017 17:00,-1.14,0,5.91
18/01/2017 18:00,-1.21,0,5.86
18/01/2017 19:00,-1.5,0,5.99
18/01/2017 20:00,-1.93,0,6.07
18/01/2017 21:00,-1.86,0,5.92
18/01/2017 22:00,-1.57,0,5.44
18/01/2017 23:00,-1.86,0,5.29
19/01/2017 00:00,-2.14,0,4.92
19/01/2017 01:00,-2.14,0,4.67
19/01/2017 02:00,-2.14,0,4.45
19/01/2017 03:00,-2.43,0,4.26
19/01/2017 04:00,-2.36,0,4.18
19/01/2017 05:00,-2.57,0,4.13
19/01/2017 06:00,-2.57,0,4.19
19/01/2017 07:00,-2.36,0,4.49
19/01/2017 08:00,-2.86,0,5.43
19/01/2017 09:00,-3,0,5.87
19/01/2017 10:00,-2.57,0,5.94
19/01/2017 11:00,-2.79,0,6.2
19/01/2017 12:00,-2.64,0,6.43
19/01/2017 13:00,-2.07,0,6.29
19/01/2017 14:00,-1.86,0,6.14
19/01/2017 15:00,-1.64,0,6.11
19/01/2017 16:00,-1.79,0,6.12
19/01/2017 17:00,-2.07,0,6.07
19/01/2017 18:00,-2.29,0,5.92
19/01/2017 19:00,-2.79,0,6.1
19/01/2017 20:00,-2.79,0,6.05
19/01/2017 21:00,-3.07,0,5.83
19/01/2017 22:00,-2.86,0,5.42
19/01/2017 23:00,-3.14,0,5.24
20/01/2017 00:00,-3.57,0,4.99
20/01/2017 01:00,-3.57,0,4.7
20/01/2017 02:00,-4,0,4.42
20/01/2017 03:00,-3.93,0,4.25
20/01/2017 04:00,-3.64,0,4.27
20/01/2017 05:00,-4.79,0,4.29
20/01/2017 06:00,-5.07,0,4.32
20/01/2017 07:00,-4.86,0,4.56
20/01/2017 08:00,-5.43,0,5.51
20/01/2017 09:00,-5.79,0,5.78
20/01/2017 10:00,-4.93,0,5.94
20/01/2017 11:00,-4.14,0,5.47
20/01/2017 12:00,-2.79,0,6.45
20/01/2017 13:00,-1.93,0,5.99
20/01/2017 14:00,-1.86,0,5.75
20/01/2017 15:00,-1.36,0,5.8
20/01/2017 16:00,-1.5,0,5.82
20/01/2017 17:00,-1.79,0,5.88
20/01/2017 18:00,-2.71,0,5.74
20/01/2017 19:00,-4.29,0,5.85
20/01/2017 20:00,-5.21,0,5.82
20/01/2017 21:00,-5.93,0,5.55
20/01/2017 22:00,-6.21,0,5.22
20/01/2017 23:00,-7.21,0,5.05
21/01/2017 00:00,-7.86,0,4.6
21/01/2017 01:00,-8.14,0,4.14
21/01/2017 02:00,-8.36,0,4.2
21/01/2017 03:00,-8.64,0,4.05
21/01/2017 04:00,-8.57,0,4.07
21/01/2017 05:00,-9,0,3.95
21/01/2017 06:00,-9.79,0,4.05
21/01/2017 07:00,-9.29,0,4.29
21/01/2017 08:00,-9.86,0,5.11
21/01/2017 09:00,-9.5,0,4.87
21/01/2017 10:00,-8.36,0,5.12
21/01/2017 11:00,-6.29,0,5.37
21/01/2017 12:00,-3.21,0,5.58
21/01/2017 13:00,-2.5,0,5.52
21/01/2017 14:00,-1.57,0,5.46
21/01/2017 15:00,-1.14,0,5.32
21/01/2017 16:00,-1.36,0,5.35
21/01/2017 17:00,-1.21,0,5.32
21/01/2017 18:00,-2.21,0,5.64
21/01/2017 19:00,-3.71,0,5.74
21/01/2017 20:00,-4.07,0,5.72
21/01/2017 21:00,-5,0,5.61
21/01/2017 22:00,-5.14,0,5.22
21/01/2017 23:00,-5.86,0,4.95
22/01/2017 00:00,-6.29,0,4.57
22/01/2017 01:00,-7.29,0,4.42
22/01/2017 02:00,-7.64,0,4.27
22/01/2017 03:00,-8.07,0,4.18
22/01/2017 04:00,-8.29,0,4.16
22/01/2017 05:00,-8.57,0,4.18
22/01/2017 06:00,-8.43,0,4.15
22/01/2017 07:00,-8.5,0,4.54
22/01/2017 08:00,-8.21,0,4.82
22/01/2017 09:00,-8.14,0,4.84
22/01/2017 10:00,-7.14,0,4.91
22/01/2017 11:00,-6.07,0,5.27
22/01/2017 12:00,-4.43,0,5.46
22/01/2017 13:00,-3.21,0,5.51
22/01/2017 14:00,-2.79,0,5.34
22/01/2017 15:00,-2.21,0,5.48
22/01/2017 16:00,-2.29,0,5.41
22/01/2017 17:00,-1.79,0,5.45
22/01/2017 18:00,-2.79,0,5.66
22/01/2017 19:00,-3.29,0,5.6
22/01/2017 20:00,-3.93,0,5.65
22/01/2017 21:00,-4,0,5.52
22/01/2017 22:00,-4.14,0,4.97
22/01/2017 23:00,-4.21,0,4.75
23/01/2017 00:00,-4.57,0,4.4
23/01/2017 01:00,-4.57,0,4.4
23/01/2017 02:00,-4.36,0,4.16
23/01/2017 03:00,-4.5,0,4.03
23/01/2017 04:00,-4.79,0,4.12
23/01/2017 05:00,-4.57,0,4.2
23/01/2017 06:00,-5,0,4.08
23/01/2017 07:00,-5.43,0,4.63
23/01/2017 08:00,-5.43,0,5.48
23/01/2017 09:00,-5,0,5.72
23/01/2017 10:00,-4.36,0,5.81
23/01/2017 11:00,-3.21,0,6
23/01/2017 12:00,-2.36,0,6.23
23/01/2017 13:00,-1.43,0,6.18
23/01/2017 14:00,-0.5,0,5.86
23/01/2017 15:00,0.07,0,6.05
23/01/2017 16:00,0.21,0,6.07
23/01/2017 17:00,-0.07,0,6.05
23/01/2017 18:00,-0.5,0,6.03
23/01/2017 19:00,-0.93,0,6.06
23/01/2017 20:00,-1.5,0,5.89
23/01/2017 21:00,-2,0,5.82
23/01/2017 22:00,-2.36,0,5.4
23/01/2017 23:00,-2.5,0,5.03
24/01/2017 00:00,-2.79,0,4.6
24/01/2017 01:00,-2.57,0,4.18
24/01/2017 02:00,-2.5,0,4.2
24/01/2017 03:00,-2.5,0,4.18
24/01/2017 04:00,-2.57,0,4.2
24/01/2017 05:00,-2.79,0,4.12
24/01/2017 06:00,-2.57,0,4.07
24/01/2017 07:00,-2.36,0,4.44
24/01/2017 08:00,-2.36,0,5.3
24/01/2017 09:00,-2.21,0,5.6
24/01/2017 10:00,-1.57,0,5.85
24/01/2017 11:00,-1.14,0,5.97
24/01/2017 12:00,-0.29,0,6.17
24/01/2017 13:00,0.14,0,5.85
24/01/2017 14:00,0.57,0,5.72
24/01/2017 15:00,1,0,5.91
24/01/2017 16:00,1.14,0,5.78
24/01/2017 17:00,0.64,0,6.04
24/01/2017 18:00,0.21,0,5.8
24/01/2017 19:00,-0.29,0,5.76
24/01/2017 20:00,-0.64,0,5.58
24/01/2017 21:00,-0.86,0,5.65
24/01/2017 22:00,-1.36,0,5.29
24/01/2017 23:00,-1.64,0,4.88
25/01/2017 00:00,-2.14,0,4.58
25/01/2017 01:00,-2.07,0,4.19
25/01/2017 02:00,-2.5,0,4.12
25/01/2017 03:00,-2.43,0,4.1
25/01/2017 04:00,-2.5,0,3.99
25/01/2017 05:00,-3,0,4
25/01/2017 06:00,-3,0,4.08
25/01/2017 07:00,-3,0,4.44
25/01/2017 08:00,-2.93,0,5.48
25/01/2017 09:00,-3.71,0,5.62
25/01/2017 10:00,-2.86,0,5.84
25/01/2017 11:00,-2.71,0,6.26
25/01/2017 12:00,-2,0,6.37
25/01/2017 13:00,-1.5,0,6.01
25/01/2017 14:00,-1.07,0,5.8
25/01/2017 15:00,-0.57,0,5.94
25/01/2017 16:00,-0.64,0,5.9
25/01/2017 17:00,-1.36,0,6.15
25/01/2017 18:00,-2.14,0,5.89
25/01/2017 19:00,-2.71,0,5.98
25/01/2017 20:00,-3.57,0,5.96
25/01/2017 21:00,-3.5,0,5.72
25/01/2017 22:00,-3.43,0,5.14
25/01/2017 23:00,-3.79,0,4.92
26/01/2017 00:00,-3.86,0,4.84
26/01/2017 01:00,-3.5,0,4.51
26/01/2017 02:00,-3.64,0,4.2
26/01/2017 03:00,-3.36,0,4.25
26/01/2017 04:00,-3.21,0,4.21
26/01/2017 05:00,-3.36,0,4.15
26/01/2017 06:00,-3.57,0,4.18
26/01/2017 07:00,-3.64,0,4.52
26/01/2017 08:00,-4.29,0,5.42
26/01/2017 09:00,-4.5,0,5.69
26/01/2017 10:00,-3.93,0,5.79
26/01/2017 11:00,-3.79,0,6.07
26/01/2017 12:00,-3,0,6.22
26/01/2017 13:00,-2.21,0,6.08
26/01/2017 14:00,-1.86,0,5.74
26/01/2017 15:00,-1.79,0,5.93
26/01/2017 16:00,-1.5,0,5.85
26/01/2017 17:00,-1.79,0,5.96
26/01/2017 18:00,-3.29,0,5.75
26/01/2017 19:00,-4.5,0,5.9
26/01/2017 20:00,-6.14,0,5.91
26/01/2017 21:00,-6.29,0,5.64
26/01/2017 22:00,-7.29,0,5.32
26/01/2017 23:00,-8.07,0,5.17
27/01/2017 00:00,-8.86,0,4.83
27/01/2017 01:00,-9.79,0,4.68
27/01/2017 02:00,-10.43,0,4.32
27/01/2017 03:00,-10.86,0,4.39
27/01/2017 04:00,-10.71,0,4.38
27/01/2017 05:00,-11.36,0,4.43
27/01/2017 06:00,-11.36,0,4.27
27/01/2017 07:00,-11.29,0,4.52
27/01/2017 08:00,-11.79,0,5.43
27/01/2017 09:00,-11.71,0,5.64
27/01/2017 10:00,-10.36,0,5.92
27/01/2017 11:00,-7.79,0,6.26
27/01/2017 12:00,-5.21,0,6.39
27/01/2017 13:00,-4.79,0,6.25
27/01/2017 14:00,-2.93,0,5.87
27/01/2017 15:00,-1.93,0,6.04
27/01/2017 16:00,-1.43,0,6.07
27/01/2017 17:00,-1.29,0,6.02
27/01/2017 18:00,-2.43,0,5.79
27/01/2017 19:00,-3.36,0,5.99
27/01/2017 20:00,-4.14,0,5.96
27/01/2017 21:00,-4.64,0,5.68
27/01/2017 22:00,-4.79,0,5.24
27/01/2017 23:00,-5.14,0,5.21
28/01/2017 00:00,-5.86,0,4.87
28/01/2017 01:00,-5.93,0,4.54
28/01/2017 02:00,-5.79,0,4.45
28/01/2017 03:00,-5.71,0,4.38
28/01/2017 04:00,-5.71,0,4.18
28/01/2017 05:00,-6.14,0,4.39
28/01/2017 06:00,-6,0,4.15
28/01/2017 07:00,-5.93,0,4.41
28/01/2017 08:00,-6.07,0,4.97
28/01/2017 09:00,-6.14,0,4.68
28/01/2017 10:00,-5.14,0,4.76
28/01/2017 11:00,-3.93,0,5.12
28/01/2017 12:00,-2.57,0,5.27
28/01/2017 13:00,-1.36,0,5.42
28/01/2017 14:00,-0.21,0,5.48
28/01/2017 15:00,0.5,0,5.5
28/01/2017 16:00,0.71,0,5.25
28/01/2017 17:00,0.29,0,5.31
28/01/2017 18:00,-0.57,0,5.35
28/01/2017 19:00,-1.14,0,5.69
28/01/2017 20:00,-2.21,0,5.78
28/01/2017 21:00,-2.79,0,5.62
28/01/2017 22:00,-3.36,0,5.3
28/01/2017 23:00,-3.71,0,5.07
29/01/2017 00:00,-4.5,0,4.61
29/01/2017 01:00,-4.21,0,4.51
29/01/2017 02:00,-5.07,0,4.34
29/01/2017 03:00,-5.64,0,4.26
29/01/2017 04:00,-5.93,0,4.17
29/01/2017 05:00,-6.21,0,4.36
29/01/2017 06:00,-6.57,0,4.04
29/01/2017 07:00,-6.64,0,4.55
29/01/2017 08:00,-7.36,0,4.86
29/01/2017 09:00,-7.43,0,4.84
29/01/2017 10:00,-6.5,0,4.79
29/01/2017 11:00,-4.57,0,5.29
29/01/2017 12:00,-3,0,5.49
29/01/2017 13:00,-2,0,5.4
29/01/2017 14:00,-1.14,0,5.35
29/01/2017 15:00,-0.14,0,5.33
29/01/2017 16:00,0,0,5.38
29/01/2017 17:00,-0.14,0,5.49
29/01/2017 18:00,-1.29,0,5.43
29/01/2017 19:00,-2,0,5.62
29/01/2017 20:00,-3.07,0,5.58
29/01/2017 21:00,-4,0,5.51
29/01/2017 22:00,-4.07,0,5.05
29/01/2017 23:00,-5.07,0,4.9
30/01/2017 00:00,-5.36,0,4.62
30/01/2017 01:00,-4.43,0,4.52
30/01/2017 02:00,-4.86,0,4.31
30/01/2017 03:00,-4.86,0,4.23
30/01/2017 04:00,-4.71,0,4.25
30/01/2017 05:00,-5.07,0,4.24
30/01/2017 06:00,-5.36,0,4.02
30/01/2017 07:00,-4.79,0,4.61
30/01/2017 08:00,-5.43,0,5.46
30/01/2017 09:00,-5.21,0,5.82
30/01/2017 10:00,-4.29,0,5.97
30/01/2017 11:00,-3.43,0,6.44
30/01/2017 12:00,-2.14,0,6.55
30/01/2017 13:00,-1.43,0,6.28
30/01/2017 14:00,-0.79,0,5.91
30/01/2017 15:00,-0.5,0,5.98
30/01/2017 16:00,-0.36,0,6.17
30/01/2017 17:00,-0.5,0,5.98
30/01/2017 18:00,-1.07,0,5.99
30/01/2017 19:00,-1.64,0,5.99
30/01/2017 20:00,-2.21,0,5.84
30/01/2017 21:00,-2.43,0,5.69
30/01/2017 22:00,-2.79,0,5.43
30/01/2017 23:00,-2.93,0,5.1
31/01/2017 00:00,-3.14,0,4.86
31/01/2017 01:00,-2.93,0,4.44
31/01/2017 02:00,-3.57,0,4.44
31/01/2017 03:00,-3.5,0,4.19
31/01/2017 04:00,-3.14,0,4.24
31/01/2017 05:00,-3.79,0,4.23
31/01/2017 06:00,-4.07,0,4.16
31/01/2017 07:00,-3.86,0,4.39
31/01/2017 08:00,-3.93,0,5.51
31/01/2017 09:00,-4.21,0,5.83
31/01/2017 10:00,-2.93,0,5.89
31/01/2017 11:00,-1.93,0,6
31/01/2017 12:00,-1.07,0,6.18
31/01/2017 13:00,0.07,0,5.96
31/01/2017 14:00,0.5,0,5.58
31/01/2017 15:00,1,0,5.63
31/01/2017 16:00,1.21,0,5.73
31/01/2017 17:00,0.29,0,5.91
31/01/2017 18:00,-0.21,0,5.88
31/01/2017 19:00,-1,0,5.95
31/01/2017 20:00,-2,0,5.85
31/01/2017 21:00,-3.29,0,5.61
31/01/2017 22:00,-3.64,0,5.34
31/01/2017 23:00,-4.93,0,5.11
01/02/2017 00:00,-4.93,0,4.78
01/02/2017 01:00,-5.79,0,4.36
01/02/2017 02:00,-5.71,0,4.38
01/02/2017 03:00,-5.79,0,4.2
01/02/2017 04:00,-5.86,0,4.29
01/02/2017 05:00,-6.21,0,4.3
01/02/2017 06:00,-6.57,0,4.24
01/02/2017 07:00,-6.64,0,4.57
01/02/2017 08:00,-7.29,0,5.62
01/02/2017 09:00,-7.29,0,5.84
01/02/2017 10:00,-6.14,0,5.91
01/02/2017 11:00,-4.64,0,6.16
01/02/2017 12:00,-2.64,0,6.41
01/02/2017 13:00,-1.71,0,6.01
01/02/2017 14:00,-0.5,0,5.58
01/02/2017 15:00,0.29,0,5.96
01/02/2017 16:00,1,0,5.94
01/02/2017 17:00,1.5,0,6.03
01/02/2017 18:00,0.93,0,5.97
01/02/2017 19:00,-0.64,0,5.77
01/02/2017 20:00,-2.07,0,5.82
01/02/2017 21:00,-2.71,0,5.48
01/02/2017 22:00,-3.07,0,5.22
01/02/2017 23:00,-3.79,0,4.93
02/02/2017 00:00,-4.07,0,4.88
02/02/2017 01:00,-4.43,0,4.52
02/02/2017 02:00,-5.43,0,4.47
02/02/2017 03:00,-5.5,0,4.26
02/02/2017 04:00,-5.43,0,4.34
02/02/2017 05:00,-6.29,0,4.2
02/02/2017 06:00,-6.5,0,4.23
02/02/2017 07:00,-6.07,0,4.57
02/02/2017 08:00,-6.07,0,5.62
02/02/2017 09:00,-5.79,0,5.71
02/02/2017 10:00,-4.36,0,5.88
02/02/2017 11:00,-2.64,0,6.27
02/02/2017 12:00,-0.86,0,6.31
02/02/2017 13:00,0.79,0,6.05
02/02/2017 14:00,2.36,0,5.76
02/02/2017 15:00,3.36,0,5.73
02/02/2017 16:00,4.64,0,5.88
02/02/2017 17:00,4.07,0,5.78
02/02/2017 18:00,3.79,0,5.62
02/02/2017 19:00,2.71,0,5.93
02/02/2017 20:00,1.21,0,5.74
02/02/2017 21:00,0.5,0,5.52
02/02/2017 22:00,0.14,0,5.08
02/02/2017 23:00,-0.71,0,4.96
03/02/2017 00:00,-0.79,0,4.62
03/02/2017 01:00,-0.07,0,4.47
03/02/2017 02:00,-0.21,0,4.22
03/02/2017 03:00,-0.57,0,4.2
03/02/2017 04:00,-0.43,0,4.04
03/02/2017 05:00,-1.29,0,4.03
03/02/2017 06:00,-1.07,0,4.16
03/02/2017 07:00,-0.93,0,4.45
03/02/2017 08:00,-1.36,0,5.53
03/02/2017 09:00,-1.21,0,5.79
03/02/2017 10:00,0.07,0,5.81
03/02/2017 11:00,1.79,0,6.12
03/02/2017 12:00,3.79,0,6.13
03/02/2017 13:00,5.21,0,5.77
03/02/2017 14:00,6.5,0,5.48
03/02/2017 15:00,7.29,0,5.64
03/02/2017 16:00,7.86,0,5.5
03/02/2017 17:00,7.57,0,5.42
03/02/2017 18:00,7.07,0,5.29
03/02/2017 19:00,5.57,0,5.55
03/02/2017 20:00,4.5,0,5.69
03/02/2017 21:00,4.29,0,5.45
03/02/2017 22:00,4.07,0,5.08
03/02/2017 23:00,3.71,0,4.88
04/02/2017 00:00,3.57,0,4.56
04/02/2017 01:00,3.36,0,4.3
04/02/2017 02:00,3.57,0,4.21
04/02/2017 03:00,3.07,0,4.19
04/02/2017 04:00,3.21,0,4.16
04/02/2017 05:00,2.5,0,4.08
04/02/2017 06:00,2.07,0,4
04/02/2017 07:00,1.43,0,4.35
04/02/2017 08:00,1.57,0,4.78
04/02/2017 09:00,1.43,0,4.81
04/02/2017 10:00,2.57,0,4.97
04/02/2017 11:00,4.64,0,4.97
04/02/2017 12:00,6.79,0,5.12
04/02/2017 13:00,8,0,4.96
04/02/2017 14:00,9.21,0,4.95
04/02/2017 15:00,9.36,0,4.91
04/02/2017 16:00,10.14,0,4.78
04/02/2017 17:00,9.14,0,4.92
04/02/2017 18:00,7.86,0,5.11
04/02/2017 19:00,6.57,0,5.31
04/02/2017 20:00,5.71,0,5.35
04/02/2017 21:00,5.71,0,5.3
04/02/2017 22:00,5.14,0,4.9
04/02/2017 23:00,4.64,0,4.71
05/02/2017 00:00,4.86,0,4.39
05/02/2017 01:00,4.57,0,4.29
05/02/2017 02:00,4.21,0,4.15
05/02/2017 03:00,4,0,4.04
05/02/2017 04:00,4.07,0,4
05/02/2017 05:00,3.43,0,4.1
05/02/2017 06:00,3.57,0,3.81
05/02/2017 07:00,3.5,0,4.06
05/02/2017 08:00,3.43,0,4.57
05/02/2017 09:00,3.43,0,4.66
05/02/2017 10:00,4.43,0,4.69
05/02/2017 11:00,5.5,0,4.79
05/02/2017 12:00,7,0,4.84
05/02/2017 13:00,8.07,0,4.89
05/02/2017 14:00,8.93,0,4.71
05/02/2017 15:00,9.57,0,4.87
05/02/2017 16:00,9.86,0,4.81
05/02/2017 17:00,10,0,4.91
05/02/2017 18:00,8.93,0,4.85
05/02/2017 19:00,7.86,0,4.88
05/02/2017 20:00,5.79,0,5.25
05/02/2017 21:00,5.14,0,5
05/02/2017 22:00,4.07,0,4.63
05/02/2017 23:00,3.43,0,4.51
06/02/2017 00:00,2.93,0,4.29
06/02/2017 01:00,2.79,0,4.18
06/02/2017 02:00,2.14,0,4.04
06/02/2017 03:00,2.14,0,3.95
06/02/2017 04:00,2.07,0,3.92
06/02/2017 05:00,1.57,0,3.91
06/02/2017 06:00,1.71,0,3.97
06/02/2017 07:00,1.86,0,4.22
06/02/2017 08:00,1.71,0,5.33
06/02/2017 09:00,2.21,0,5.66
06/02/2017 10:00,3.79,0,5.91
06/02/2017 11:00,5.21,0,5.92
06/02/2017 12:00,6.57,0,6.13
06/02/2017 13:00,7.29,0,5.82
06/02/2017 14:00,7.36,0,5.67
06/02/2017 15:00,7.86,0,5.64
06/02/2017 16:00,8.29,0,5.41
06/02/2017 17:00,8.64,0,5.55
06/02/2017 18:00,7.93,0,5.56
06/02/2017 19:00,7.07,0,5.59
06/02/2017 20:00,5.79,0,5.36
06/02/2017 21:00,5.64,0,4.91
06/02/2017 22:00,5.64,0,4.57
06/02/2017 23:00,5.93,0,4.76
07/02/2017 00:00,5.79,0,4.62
07/02/2017 01:00,5.57,0,4.4
07/02/2017 02:00,5.14,0,4
07/02/2017 03:00,5.07,0,4.09
07/02/2017 04:00,5.14,0,3.95
07/02/2017 05:00,4.79,0,3.78
07/02/2017 06:00,4.5,0,3.68
07/02/2017 07:00,4.5,0,4.08
07/02/2017 08:00,3.86,0,5.28
07/02/2017 09:00,3.79,0,5.56
07/02/2017 10:00,4.43,0,5.66
07/02/2017 11:00,5.21,0,5.73
07/02/2017 12:00,6.07,0,5.74
07/02/2017 13:00,6.79,0,5.54
07/02/2017 14:00,6.57,0,5.12
07/02/2017 15:00,6.64,0,5.33
07/02/2017 16:00,6.5,0,5.47
07/02/2017 17:00,6.86,0,5.46
07/02/2017 18:00,6.29,0,5.33
07/02/2017 19:00,5.29,0,5.44
07/02/2017 20:00,5,0,5.36
07/02/2017 21:00,4.57,0,5.07
07/02/2017 22:00,4.43,0,4.81
07/02/2017 23:00,4.71,0,4.51
08/02/2017 00:00,4.29,0,4.24
08/02/2017 01:00,4.14,0,4.03
08/02/2017 02:00,3.86,0,3.81
08/02/2017 03:00,3.86,0,3.78
08/02/2017 04:00,3.71,0,3.38
08/02/2017 05:00,3.21,0,3.33
08/02/2017 06:00,3.14,0,3.14
08/02/2017 07:00,3.21,0,3.44
08/02/2017 08:00,2.71,0,4.01
08/02/2017 09:00,2.36,0,3.98
08/02/2017 10:00,2.79,0,4.12
08/02/2017 11:00,3.14,0,4.26
08/02/2017 12:00,3.79,0,4.29
08/02/2017 13:00,3.86,0,3.93
08/02/2017 14:00,4,0,3.86
08/02/2017 15:00,4.21,0,4.12
08/02/2017 16:00,3.86,0,4.06
08/02/2017 17:00,3.5,0,4.12
08/02/2017 18:00,3.36,0,4.21
08/02/2017 19:00,2.5,0,4.98
08/02/2017 20:00,1.93,0,4.93
08/02/2017 21:00,1.71,0,4.67
08/02/2017 22:00,1.36,0,4.3
08/02/2017 23:00,1.5,0,4.17
09/02/2017 00:00,0.93,0,3.76
09/02/2017 01:00,0.64,0,3.67
09/02/2017 02:00,0.43,0,3.43
09/02/2017 03:00,0.43,0,3.43
09/02/2017 04:00,0.14,0,3.16
09/02/2017 05:00,-0.14,0,3.48
09/02/2017 06:00,-0.07,0,3.75
09/02/2017 07:00,-0.14,0,4.24
09/02/2017 08:00,-0.79,0,4.92
09/02/2017 09:00,-0.79,0,5.17
09/02/2017 10:00,-0.29,0,5.26
09/02/2017 11:00,-0.36,0,5.33
09/02/2017 12:00,0.07,0,5.5
09/02/2017 13:00,0.57,0,5.4
09/02/2017 14:00,0.79,0,5.15
09/02/2017 15:00,0.71,0,5.18
09/02/2017 16:00,0.57,0,5.13
09/02/2017 17:00,0.29,0,4.86
09/02/2017 18:00,-0.14,0,4.71
09/02/2017 19:00,-0.57,0,4.94
09/02/2017 20:00,-0.64,0,4.87
09/02/2017 21:00,-0.93,0,4.65
09/02/2017 22:00,-1.21,0,4.23
09/02/2017 23:00,-1.14,0,4.27
10/02/2017 00:00,-1.71,0,3.83
10/02/2017 01:00,-1.5,0,3.81
10/02/2017 02:00,-1.79,0,3.69
10/02/2017 03:00,-1.57,0,3.93
10/02/2017 04:00,-1.79,0,4.07
10/02/2017 05:00,-1.93,0,3.99
10/02/2017 06:00,-1.71,0,3.93
10/02/2017 07:00,-1.71,0,4.37
10/02/2017 08:00,-1.71,0,5.38
10/02/2017 09:00,-1.86,0,5.63
10/02/2017 10:00,-1.29,0,5.9
10/02/2017 11:00,-1.14,0,6.01
10/02/2017 12:00,-0.5,0,6.11
10/02/2017 13:00,-0.21,0,5.74
10/02/2017 14:00,0.07,0,5.69
10/02/2017 15:00,0.29,0,5.61
10/02/2017 16:00,0.5,0,5.88
10/02/2017 17:00,0.43,0,5.79
10/02/2017 18:00,-0.07,0,5.63
10/02/2017 19:00,-0.86,0,5.64
10/02/2017 20:00,-1.07,0,5.56
10/02/2017 21:00,-1.21,0,5.21
10/02/2017 22:00,-1.43,0,4.93
10/02/2017 23:00,-1.36,0,4.57
11/02/2017 00:00,-2,0,4.47
11/02/2017 01:00,-2.14,0,4.11
11/02/2017 02:00,-2.29,0,4.22
11/02/2017 03:00,-2.21,0,3.99
11/02/2017 04:00,-2.43,0,4.1
11/02/2017 05:00,-2.86,0,4
11/02/2017 06:00,-2.79,0,3.97
11/02/2017 07:00,-2.57,0,4.26
11/02/2017 08:00,-3.21,0,4.9
11/02/2017 09:00,-2.93,0,4.74
11/02/2017 10:00,-2.64,0,4.9
11/02/2017 11:00,-1.71,0,4.83
11/02/2017 12:00,-1,0,5.32
11/02/2017 13:00,-0.43,0,5.2
11/02/2017 14:00,0,0,5.1
11/02/2017 15:00,0.43,0,5.26
11/02/2017 16:00,0.29,0,5.03
11/02/2017 17:00,0.21,0,5.19
11/02/2017 18:00,-0.43,0,5.13
11/02/2017 19:00,-1.29,0,5.43
11/02/2017 20:00,-1.86,0,5.51
11/02/2017 21:00,-2.29,0,5.32
11/02/2017 22:00,-2.79,0,4.91
11/02/2017 23:00,-2.93,0,4.65
12/02/2017 00:00,-3.21,0,4.42
12/02/2017 01:00,-3,0,4.14
12/02/2017 02:00,-3.36,0,4.1
12/02/2017 03:00,-3.43,0,4.12
12/02/2017 04:00,-3.5,0,4.07
12/02/2017 05:00,-3.86,0,4.01
12/02/2017 06:00,-3.57,0,3.85
12/02/2017 07:00,-3.5,0,4.28
12/02/2017 08:00,-4,0,4.77
12/02/2017 09:00,-3.79,0,4.72
12/02/2017 10:00,-2.79,0,4.59
12/02/2017 11:00,-2.29,0,4.97
12/02/2017 12:00,-1.36,0,5.04
12/02/2017 13:00,-0.5,0,5.07
12/02/2017 14:00,-0.07,0,4.99
12/02/2017 15:00,0.5,0,5.22
12/02/2017 16:00,0.29,0,5.05
12/02/2017 17:00,0.07,0,5.12
12/02/2017 18:00,-0.71,0,5.19
12/02/2017 19:00,-1.5,0,5.2
12/02/2017 20:00,-2.14,0,5.31
12/02/2017 21:00,-2.57,0,5.27
12/02/2017 22:00,-2.64,0,4.97
12/02/2017 23:00,-2.71,0,4.76
13/02/2017 00:00,-2.79,0,4.41
13/02/2017 01:00,-3.14,0,4.41
13/02/2017 02:00,-3,0,4.07
13/02/2017 03:00,-3.43,0,4.1
13/02/2017 04:00,-3.57,0,4.14
13/02/2017 05:00,-4.07,0,4.16
13/02/2017 06:00,-4,0,3.99
13/02/2017 07:00,-4.14,0,4.38
13/02/2017 08:00,-4.29,0,5.39
13/02/2017 09:00,-4,0,5.87
13/02/2017 10:00,-3,0,5.77
13/02/2017 11:00,-2,0,5.89
13/02/2017 12:00,-1.07,0,6.2
13/02/2017 13:00,-0.79,0,5.93
13/02/2017 14:00,-0.29,0,5.66
13/02/2017 15:00,0.14,0,5.73
13/02/2017 16:00,0.29,0,5.76
13/02/2017 17:00,0.21,0,5.97
13/02/2017 18:00,-0.93,0,5.64
13/02/2017 19:00,-2.43,0,5.77
13/02/2017 20:00,-3.07,0,5.67
13/02/2017 21:00,-3.86,0,5.49
13/02/2017 22:00,-4.14,0,4.91
13/02/2017 23:00,-4.43,0,4.92
14/02/2017 00:00,-5.14,0,4.67
14/02/2017 01:00,-5.14,0,4.5
14/02/2017 02:00,-5.5,0,4.26
14/02/2017 03:00,-5.86,0,4.12
14/02/2017 04:00,-6.29,0,4.06
14/02/2017 05:00,-6.71,0,4.21
14/02/2017 06:00,-6.79,0,4.12
14/02/2017 07:00,-6.93,0,4.39
14/02/2017 08:00,-7.21,0,5.52
14/02/2017 09:00,-6.93,0,5.78
14/02/2017 10:00,-5.64,0,5.92
14/02/2017 11:00,-3.43,0,6.06
14/02/2017 12:00,-1.43,0,6.16
14/02/2017 13:00,-0.43,0,5.81
14/02/2017 14:00,0.64,0,5.42
14/02/2017 15:00,1.5,0,5.63
14/02/2017 16:00,2.57,0,5.79
14/02/2017 17:00,2.71,0,5.73
14/02/2017 18:00,2.5,0,5.47
14/02/2017 19:00,1,0,5.62
14/02/2017 20:00,-0.29,0,5.63
14/02/2017 21:00,-1.07,0,5.34
14/02/2017 22:00,-1.07,0,4.93
14/02/2017 23:00,-0.86,0,4.78
15/02/2017 00:00,-0.64,0,4.54
15/02/2017 01:00,-0.07,0,4.19
15/02/2017 02:00,-0.36,0,4.03
15/02/2017 03:00,-0.57,0,3.98
15/02/2017 04:00,-0.29,0,4.01
15/02/2017 05:00,-0.64,0,4.04
15/02/2017 06:00,-0.79,0,3.9
15/02/2017 07:00,-0.86,0,4.43
15/02/2017 08:00,-1.29,0,5.38
15/02/2017 09:00,-1.21,0,5.56
15/02/2017 10:00,0.29,0,5.67
15/02/2017 11:00,2.14,0,5.57
15/02/2017 12:00,3.86,0,5.62
15/02/2017 13:00,4.86,0,5.19
15/02/2017 14:00,6.07,0,4.88
15/02/2017 15:00,6.93,0,5.27
15/02/2017 16:00,8.07,0,5.4
15/02/2017 17:00,7.43,0,5.46
15/02/2017 18:00,6.5,0,5.29
15/02/2017 19:00,4.71,0,5.17
15/02/2017 20:00,3.14,0,5.31
15/02/2017 21:00,2.79,0,5.22
15/02/2017 22:00,1.86,0,5
15/02/2017 23:00,1.21,0,4.84
16/02/2017 00:00,0.79,0,4.51
16/02/2017 01:00,0.71,0,4.15
16/02/2017 02:00,-0.5,0,4.17
16/02/2017 03:00,-1.07,0,3.88
16/02/2017 04:00,-1.07,0,4.04
16/02/2017 05:00,-1.93,0,3.96
16/02/2017 06:00,-2.36,0,4.02
16/02/2017 07:00,-2.79,0,4.27
16/02/2017 08:00,-3.07,0,5.12
16/02/2017 09:00,-3.36,0,5.55
16/02/2017 10:00,-1.86,0,5.75
16/02/2017 11:00,0.86,0,5.91
16/02/2017 12:00,2.5,0,6.03
16/02/2017 13:00,4.14,0,5.77
16/02/2017 14:00,5,0,5.3
16/02/2017 15:00,6,0,5.2
16/02/2017 16:00,6.36,0,5.33
16/02/2017 17:00,6.5,0,5.49
16/02/2017 18:00,5.86,0,5.53
16/02/2017 19:00,4.71,0,5.45
16/02/2017 20:00,2.14,0,5.56
16/02/2017 21:00,1,0,5.23
16/02/2017 22:00,-0.07,0,5.02
16/02/2017 23:00,-0.71,0,4.76
17/02/2017 00:00,-1.36,0,4.42
17/02/2017 01:00,-1.43,0,4.3
17/02/2017 02:00,-2.36,0,4.05
17/02/2017 03:00,-2.64,0,4.01
17/02/2017 04:00,-2.71,0,4.01
17/02/2017 05:00,-3.36,0,3.89
17/02/2017 06:00,-3.43,0,3.84
17/02/2017 07:00,-3.57,0,4.21
17/02/2017 08:00,-4.21,0,5.18
17/02/2017 09:00,-3.5,0,5.78
17/02/2017 10:00,-1.71,0,5.7
17/02/2017 11:00,1,0,5.87
17/02/2017 12:00,3.29,0,5.97
17/02/2017 13:00,4.93,0,5.77
17/02/2017 14:00,6.36,0,5.52
17/02/2017 15:00,7.43,0,5.18
17/02/2017 16:00,7.93,0,5.27
17/02/2017 17:00,7.93,0,5.36
17/02/2017 18:00,6.79,0,5.15
17/02/2017 19:00,5.43,0,5.39
17/02/2017 20:00,4.21,0,5.44
17/02/2017 21:00,3,0,5.28
17/02/2017 22:00,2.36,0,4.82
17/02/2017 23:00,1.71,0,4.78
18/02/2017 00:00,1.07,0,4.41
18/02/2017 01:00,0.79,0,4.29
18/02/2017 02:00,-0.07,0,4.18
18/02/2017 03:00,-0.86,0,3.89
18/02/2017 04:00,-1,0,4.02
18/02/2017 05:00,-0.64,0,4.04
18/02/2017 06:00,-1.14,0,4.05
18/02/2017 07:00,-1,0,4.21
18/02/2017 08:00,-1.29,0,4.6
18/02/2017 09:00,-1,0,4.62
18/02/2017 10:00,1.14,0,4.76
18/02/2017 11:00,4.07,0,4.75
18/02/2017 12:00,6.29,0,4.96
18/02/2017 13:00,8.21,0,4.78
18/02/2017 14:00,10,0,4.72
18/02/2017 15:00,11,0,4.76
18/02/2017 16:00,11.43,0,4.85
18/02/2017 17:00,11.14,0,4.76
18/02/2017 18:00,10.07,0,4.72
18/02/2017 19:00,7.79,0,4.88
18/02/2017 20:00,6.29,0,4.98
18/02/2017 21:00,5,0,5.05
18/02/2017 22:00,4.5,0,4.6
18/02/2017 23:00,4.21,0,4.44
19/02/2017 00:00,3.29,0,4.13
19/02/2017 01:00,3.29,0,3.98
19/02/2017 02:00,2.57,0,3.93
19/02/2017 03:00,2.36,0,3.88
19/02/2017 04:00,2.14,0,3.91
19/02/2017 05:00,2.07,0,3.91
19/02/2017 06:00,1.71,0,3.65
19/02/2017 07:00,1.5,0,3.87
19/02/2017 08:00,1.5,0,4.48
19/02/2017 09:00,1.71,0,4.64
19/02/2017 10:00,2.71,0,4.51
19/02/2017 11:00,4.43,0,4.71
19/02/2017 12:00,5.57,0,5.03
19/02/2017 13:00,5.64,0,4.9
19/02/2017 14:00,6.5,0,4.79
19/02/2017 15:00,6.5,0,4.97
19/02/2017 16:00,5.57,0,4.8
19/02/2017 17:00,5.43,0,4.88
19/02/2017 18:00,4.93,0,4.77
19/02/2017 19:00,4.29,0,4.79
19/02/2017 20:00,4,0,4.78
19/02/2017 21:00,4,0,4.78
19/02/2017 22:00,4.07,0,4.32
19/02/2017 23:00,3.93,0,3.94
20/02/2017 00:00,3.71,0,3.76
20/02/2017 01:00,3.71,0,3.98
20/02/2017 02:00,3.14,0,3.62
20/02/2017 03:00,2.86,0,3.46
20/02/2017 04:00,2.79,0,3.52
20/02/2017 05:00,2.14,0,3.74
20/02/2017 06:00,1.5,0,3.57
20/02/2017 07:00,1.93,0,3.96
20/02/2017 08:00,2.07,0,5.08
20/02/2017 09:00,2,0,5.56
20/02/2017 10:00,2.5,0,5.52
20/02/2017 11:00,3.14,0,5.9
20/02/2017 12:00,4.36,0,5.85
20/02/2017 13:00,5,0,5.69
20/02/2017 14:00,5.93,0,5.36
20/02/2017 15:00,6.43,0,5.62
20/02/2017 16:00,6.86,0,5.44
20/02/2017 17:00,6.93,0,5.4
20/02/2017 18:00,5.93,0,5.04
20/02/2017 19:00,4.86,0,5.47
20/02/2017 20:00,3.5,0,5.44
20/02/2017 21:00,2.93,0,5.34
20/02/2017 22:00,2.29,0,4.91
20/02/2017 23:00,1.86,0,4.79
21/02/2017 00:00,1.21,0,4.42
21/02/2017 01:00,1.21,0,4.28
21/02/2017 02:00,0.57,0,3.91
21/02/2017 03:00,0.14,0,3.95
21/02/2017 04:00,0.07,0,3.96
21/02/2017 05:00,-0.36,0,3.81
21/02/2017 06:00,-0.79,0,3.9
21/02/2017 07:00,-0.57,0,4.21
21/02/2017 08:00,-0.64,0,5.21
21/02/2017 09:00,-0.29,0,5.37
21/02/2017 10:00,1.57,0,5.63
21/02/2017 11:00,4.29,0,5.74
21/02/2017 12:00,6.64,0,5.78
21/02/2017 13:00,7.71,0,5.56
21/02/2017 14:00,9,0,5.12
21/02/2017 15:00,9.93,0,5.45
21/02/2017 16:00,10.29,0,5.41
21/02/2017 17:00,10.57,0,5.36
21/02/2017 18:00,9.79,0,5.13
21/02/2017 19:00,8,0,5.17
21/02/2017 20:00,6.79,0,5.11
21/02/2017 21:00,5.86,0,5.21
21/02/2017 22:00,5.5,0,4.84
21/02/2017 23:00,4.93,0,4.76
22/02/2017 00:00,5.21,0,4.51
22/02/2017 01:00,5.5,0,4.24
22/02/2017 02:00,5.57,0,3.95
22/02/2017 03:00,6.21,0,3.84
22/02/2017 04:00,6.21,0,3.81
22/02/2017 05:00,6.64,0,3.8
22/02/2017 06:00,6.43,0,3.66
22/02/2017 07:00,6,0,4.16
22/02/2017 08:00,5.79,0,4.89
22/02/2017 09:00,5.86,0,5.31
22/02/2017 10:00,7.79,0,5.39
22/02/2017 11:00,10.29,0,5.36
22/02/2017 12:00,11.93,0,5.34
22/02/2017 13:00,12.64,0,5.16
22/02/2017 14:00,13.86,0,5.28
22/02/2017 15:00,14.36,0,5.24
22/02/2017 16:00,14.79,0,5.26
22/02/2017 17:00,14.71,0,5.23
22/02/2017 18:00,13.93,0,4.97
22/02/2017 19:00,12.07,0,5.02
22/02/2017 20:00,9.29,0,5.03
22/02/2017 21:00,7.43,0,4.99
22/02/2017 22:00,6.86,0,4.78
22/02/2017 23:00,6.07,0,4.54
23/02/2017 00:00,6,0,4.33
23/02/2017 01:00,5.93,0,4.07
23/02/2017 02:00,5.07,0,3.86
23/02/2017 03:00,5.21,0,3.75
23/02/2017 04:00,4.71,0,3.81
23/02/2017 05:00,4.29,0,3.78
23/02/2017 06:00,4.36,0,3.63
23/02/2017 07:00,3.57,0,3.96
23/02/2017 08:00,4.14,0,4.78
23/02/2017 09:00,4.5,0,5.3
23/02/2017 10:00,6.71,0,5.29
23/02/2017 11:00,9.86,0,5.36
23/02/2017 12:00,13.21,0,5.34
23/02/2017 13:00,15,0,5.24
23/02/2017 14:00,16.14,0,4.97
23/02/2017 15:00,17.5,0,5.19
23/02/2017 16:00,17.71,0,5.24
23/02/2017 17:00,18.14,0,5.17
23/02/2017 18:00,18.21,0,5.18
23/02/2017 19:00,15.36,0,5.14
23/02/2017 20:00,13,0,4.96
23/02/2017 21:00,11.64,0,4.87
23/02/2017 22:00,10.79,0,4.62
23/02/2017 23:00,9.79,0,4.43
24/02/2017 00:00,8.14,0,4.16
24/02/2017 01:00,7.21,0,3.86
24/02/2017 02:00,6.71,0,3.64
24/02/2017 03:00,6.14,0,3.62
24/02/2017 04:00,6.21,0,3.61
24/02/2017 05:00,5.5,0,3.58
24/02/2017 06:00,5.36,0,3.56
24/02/2017 07:00,5.57,0,3.93
24/02/2017 08:00,5.57,0,4.91
24/02/2017 09:00,5.86,0,5.11
24/02/2017 10:00,8.79,0,5.18
24/02/2017 11:00,11.79,0,5.32
24/02/2017 12:00,14.14,0,5.4
24/02/2017 13:00,16.57,0,5.27
24/02/2017 14:00,17.36,0,5.03
24/02/2017 15:00,18.64,0,4.94
24/02/2017 16:00,19.07,0,5.02
24/02/2017 17:00,18.86,0,4.92
24/02/2017 18:00,17.93,0,4.78
24/02/2017 19:00,15.5,0,4.99
24/02/2017 20:00,13.71,0,5.03
24/02/2017 21:00,12.64,0,4.72
24/02/2017 22:00,11.64,0,4.63
24/02/2017 23:00,11,0,4.21
25/02/2017 00:00,11,0,4.04
25/02/2017 01:00,10.57,0,3.82
25/02/2017 02:00,10.29,0,3.67
25/02/2017 03:00,10.14,0,3.54
25/02/2017 04:00,10.79,0,3.39
25/02/2017 05:00,10,0,3.42
25/02/2017 06:00,10.21,0,3.35
25/02/2017 07:00,10.71,0,3.44
25/02/2017 08:00,10.21,0,4.17
25/02/2017 09:00,9.93,0,4.02
25/02/2017 10:00,11,0,4.48
25/02/2017 11:00,11,0,4.61
25/02/2017 12:00,10.5,0,4.71
25/02/2017 13:00,10.43,0,4.7
25/02/2017 14:00,10.29,0,4.59
25/02/2017 15:00,9.64,0,4.51
25/02/2017 16:00,8.86,0,4.59
25/02/2017 17:00,8.79,0,4.71
25/02/2017 18:00,8.07,0,4.9
25/02/2017 19:00,6.93,0,4.94
25/02/2017 20:00,6.07,0,5.12
25/02/2017 21:00,5.79,0,4.95
25/02/2017 22:00,5,0,4.51
25/02/2017 23:00,5.14,0,4.26
26/02/2017 00:00,5,0,3.86
26/02/2017 01:00,4.36,0,3.76
26/02/2017 02:00,4.5,0,3.67
26/02/2017 03:00,4.07,0,3.59
26/02/2017 04:00,3.57,0,3.54
26/02/2017 05:00,3.43,0,3.47
26/02/2017 06:00,3.36,0,3.59
26/02/2017 07:00,3.14,0,3.79
26/02/2017 08:00,3.29,0,4.33
26/02/2017 09:00,3.36,0,4.5
26/02/2017 10:00,3.93,0,4.52
26/02/2017 11:00,5.14,0,4.59
26/02/2017 12:00,6.36,0,4.81
26/02/2017 13:00,7.29,0,4.72
26/02/2017 14:00,8.29,0,4.39
26/02/2017 15:00,8.79,0,4.67
26/02/2017 16:00,9.5,0,4.75
26/02/2017 17:00,9.21,0,4.82
26/02/2017 18:00,8.57,0,4.77
26/02/2017 19:00,7.07,0,4.83
26/02/2017 20:00,6.64,0,4.91
26/02/2017 21:00,6,0,4.77
26/02/2017 22:00,5.29,0,4.34
26/02/2017 23:00,4.5,0,4.12
27/02/2017 00:00,4,0,3.93
27/02/2017 01:00,3.57,0,3.97
27/02/2017 02:00,2.79,0,3.74
27/02/2017 03:00,2.29,0,3.61
27/02/2017 04:00,2.71,0,3.55
27/02/2017 05:00,1.86,0,3.63
27/02/2017 06:00,1.93,0,3.49
27/02/2017 07:00,2.36,0,3.93
27/02/2017 08:00,2.14,0,5.09
27/02/2017 09:00,2.36,0,5.51
27/02/2017 10:00,4.57,0,5.74
27/02/2017 11:00,7.57,0,5.44
27/02/2017 12:00,8.86,0,5.35
27/02/2017 13:00,11.5,0,5.17
27/02/2017 14:00,13.14,0,5.07
27/02/2017 15:00,14.64,0,5.12
27/02/2017 16:00,15,0,5.24
27/02/2017 17:00,14.86,0,5.23
27/02/2017 18:00,14.29,0,5.22
27/02/2017 19:00,12.71,0,5.25
27/02/2017 20:00,10.79,0,5.16
27/02/2017 21:00,9.43,0,4.93
27/02/2017 22:00,8.93,0,4.58
27/02/2017 23:00,7.93,0,4.29
28/02/2017 00:00,7,0,4.11
28/02/2017 01:00,6.57,0,3.81
28/02/2017 02:00,5.93,0,3.64
28/02/2017 03:00,5.64,0,3.46
28/02/2017 04:00,5,0,3.5
28/02/2017 05:00,4.86,0,3.46
28/02/2017 06:00,4.64,0,3.44
28/02/2017 07:00,4.14,0,3.85
28/02/2017 08:00,4.14,0,5.11
28/02/2017 09:00,4.79,0,5.22
28/02/2017 10:00,6.93,0,5.43
28/02/2017 11:00,8.86,0,5.49
28/02/2017 12:00,11.07,0,5.56
28/02/2017 13:00,12.29,0,5.36
28/02/2017 14:00,13.57,0,5.02
28/02/2017 15:00,15.07,0,5.24
28/02/2017 16:00,15.14,0,5.3
28/02/2017 17:00,15.14,0,5.34
28/02/2017 18:00,14.64,0,5.27
28/02/2017 19:00,13.29,0,5.27
28/02/2017 20:00,11.14,0,5.08
28/02/2017 21:00,10.14,0,5.06
28/02/2017 22:00,9.64,0,4.58
28/02/2017 23:00,8.07,0,4.32
01/03/2017 00:00,7.93,0,4.1
01/03/2017 01:00,7.71,0,3.62
01/03/2017 02:00,7.14,0,3.59
01/03/2017 03:00,6.64,0,3.4
01/03/2017 04:00,5.79,0,3.42
01/03/2017 05:00,5.29,0,3.44
01/03/2017 06:00,5.07,0,3.44
01/03/2017 07:00,4.71,0,3.75
01/03/2017 08:00,4.86,0,4.44
01/03/2017 09:00,5.36,0,4.67
01/03/2017 10:00,7.07,0,4.99
01/03/2017 11:00,9.57,0,5.09
01/03/2017 12:00,12,0,5.17
01/03/2017 13:00,13.29,0,5.15
01/03/2017 14:00,14.5,0,4.87
01/03/2017 15:00,15.29,0,5.1
01/03/2017 16:00,15.71,0,5
01/03/2017 17:00,15.64,0,4.91
01/03/2017 18:00,14.5,0,4.85
01/03/2017 19:00,13.14,0,4.75
01/03/2017 20:00,11.43,0,4.75
01/03/2017 21:00,10.14,0,4.73
01/03/2017 22:00,9.36,0,4.45
01/03/2017 23:00,8.14,0,4.18
02/03/2017 00:00,7.71,0,3.98
02/03/2017 01:00,7.57,0,3.7
02/03/2017 02:00,7.43,0,3.54
02/03/2017 03:00,7.29,0,3.47
02/03/2017 04:00,6.64,0,3.47
02/03/2017 05:00,6.5,0,3.24
02/03/2017 06:00,6.29,0,2.98
02/03/2017 07:00,5.86,0,3.26
02/03/2017 08:00,5.93,0,4.45
02/03/2017 09:00,5.93,0,4.88
02/03/2017 10:00,7.07,0,4.85
02/03/2017 11:00,8.29,0,4.99
02/03/2017 12:00,9.29,0,5.19
02/03/2017 13:00,10.14,0,5.12
02/03/2017 14:00,11.14,0,4.78
02/03/2017 15:00,12.07,0,4.88
02/03/2017 16:00,13,0,5.01
02/03/2017 17:00,13.29,0,4.96
02/03/2017 18:00,13.14,0,4.92
02/03/2017 19:00,12.14,0,4.96
02/03/2017 20:00,9.71,0,4.83
02/03/2017 21:00,7.79,0,4.72
02/03/2017 22:00,7.36,0,4.27
02/03/2017 23:00,6.43,0,4.22
03/03/2017 00:00,5.93,0,3.9
03/03/2017 01:00,4.79,1,3.69
03/03/2017 02:00,4.5,1,3.6
03/03/2017 03:00,4,1,3.52
03/03/2017 04:00,3.71,1,3.41
03/03/2017 05:00,3.14,1,3.48
03/03/2017 06:00,2.71,1,3.34
03/03/2017 07:00,2.57,1,3.65
03/03/2017 08:00,2.64,1,3.81
03/03/2017 09:00,3.14,1,3.61
03/03/2017 10:00,5.93,1,3.98
03/03/2017 11:00,7.93,1,4.39
03/03/2017 12:00,11.14,1,4.42
03/03/2017 13:00,12.5,1,4.38
03/03/2017 14:00,13.93,1,4.27
03/03/2017 15:00,15.43,1,4.36
03/03/2017 16:00,15.57,1,4.39
03/03/2017 17:00,15.57,1,4.35
03/03/2017 18:00,15,1,4.35
03/03/2017 19:00,13.14,1,4.39
03/03/2017 20:00,10.86,1,4.53
03/03/2017 21:00,9.64,1,4.46
03/03/2017 22:00,8.21,1,4.05
03/03/2017 23:00,6.86,1,3.93
04/03/2017 00:00,5.86,1,3.59
04/03/2017 01:00,5.14,0,3.66
04/03/2017 02:00,4.14,0,3.43
04/03/2017 03:00,3.57,0,3.41
04/03/2017 04:00,3.07,0,3.29
04/03/2017 05:00,2.57,0,3.48
04/03/2017 06:00,2.79,0,3.33
04/03/2017 07:00,2.36,0,3.67
04/03/2017 08:00,2.64,0,4.17
04/03/2017 09:00,3.57,0,4.06
04/03/2017 10:00,5.57,0,4.16
04/03/2017 11:00,9.5,0,4.31
04/03/2017 12:00,12.07,0,4.42
04/03/2017 13:00,13.29,0,4.43
04/03/2017 14:00,14.29,0,4.23
04/03/2017 15:00,15.57,0,4.49
04/03/2017 16:00,16.14,0,4.45
04/03/2017 17:00,15.43,0,4.4
04/03/2017 18:00,14.86,0,4.54
04/03/2017 19:00,13.64,0,4.71
04/03/2017 20:00,10.86,0,4.61
04/03/2017 21:00,9,0,4.5
04/03/2017 22:00,8.86,0,4.16
04/03/2017 23:00,7.5,0,3.91
05/03/2017 00:00,6.93,0,3.65
05/03/2017 01:00,6.64,0,3.57
05/03/2017 02:00,6.29,0,3.54
05/03/2017 03:00,5.64,0,3.41
05/03/2017 04:00,5,0,3.28
05/03/2017 05:00,4.5,0,3.42
05/03/2017 06:00,4.21,0,3.28
05/03/2017 07:00,3.86,0,3.62
05/03/2017 08:00,3.93,0,3.99
05/03/2017 09:00,4.71,0,3.88
05/03/2017 10:00,6.79,0,3.68
05/03/2017 11:00,9.21,0,4.16
05/03/2017 12:00,11.5,0,4.1
05/03/2017 13:00,14,0,4.17
05/03/2017 14:00,15.43,0,4.06
05/03/2017 15:00,15.93,0,4.32
05/03/2017 16:00,16.29,0,4.28
05/03/2017 17:00,16.14,0,4.3
05/03/2017 18:00,15,0,4.38
05/03/2017 19:00,13.29,0,4.39
05/03/2017 20:00,11.79,0,4.53
05/03/2017 21:00,10.64,0,4.42
05/03/2017 22:00,10.21,0,4.05
05/03/2017 23:00,9.57,0,3.97
06/03/2017 00:00,9,0,3.73
06/03/2017 01:00,9.29,0,3.58
06/03/2017 02:00,9,0,3.52
06/03/2017 03:00,8.64,0,3.39
06/03/2017 04:00,8.21,0,3.41
06/03/2017 05:00,8.57,0,3.38
06/03/2017 06:00,8,0,3.4
06/03/2017 07:00,8.29,0,3.81
06/03/2017 08:00,8.29,0,4.42
06/03/2017 09:00,8.5,0,4.89
06/03/2017 10:00,10.79,0,5.53
06/03/2017 11:00,12,0,5.89
06/03/2017 12:00,13.64,0,5.71
06/03/2017 13:00,14.07,0,5.44
06/03/2017 14:00,15,0,5.12
06/03/2017 15:00,15.71,0,4.99
06/03/2017 16:00,15.07,0,5.15
06/03/2017 17:00,14.57,0,5.2
06/03/2017 18:00,14.43,0,5.07
06/03/2017 19:00,12.86,0,5.07
06/03/2017 20:00,11.07,0,4.97
06/03/2017 21:00,9.71,0,4.66
06/03/2017 22:00,8.79,0,4.36
06/03/2017 23:00,8.14,0,4.24
07/03/2017 00:00,7.5,0,3.94
07/03/2017 01:00,7.07,0,3.9
07/03/2017 02:00,6.36,0,3.63
07/03/2017 03:00,5.79,0,3.51
07/03/2017 04:00,5.07,0,3.59
07/03/2017 05:00,4.43,0,3.42
07/03/2017 06:00,4.5,0,3.34
07/03/2017 07:00,4.43,0,3.79
07/03/2017 08:00,4.64,0,4.82
07/03/2017 09:00,5.21,0,5.35
07/03/2017 10:00,7.21,0,5.53
07/03/2017 11:00,9.29,0,5.51
07/03/2017 12:00,11.43,0,5.57
07/03/2017 13:00,12.79,0,5.25
07/03/2017 14:00,14.43,0,4.99
07/03/2017 15:00,14.43,0,5.41
07/03/2017 16:00,14.79,0,5.68
07/03/2017 17:00,14.57,0,5.36
07/03/2017 18:00,13.86,0,5.33
07/03/2017 19:00,12.79,0,5.24
07/03/2017 20:00,11.29,0,5.12
07/03/2017 21:00,10.86,0,5.1
07/03/2017 22:00,10.36,0,4.58
07/03/2017 23:00,9.93,0,4.4
08/03/2017 00:00,9.86,0,4.16
08/03/2017 01:00,9.5,0,4.11
08/03/2017 02:00,8.86,0,3.71
08/03/2017 03:00,9.07,0,3.59
08/03/2017 04:00,8.93,0,3.7
08/03/2017 05:00,8.64,0,3.65
08/03/2017 06:00,8.29,0,3.73
08/03/2017 07:00,8.07,0,3.86
08/03/2017 08:00,7.93,0,4.21
08/03/2017 09:00,8.21,0,4.25
08/03/2017 10:00,8.86,0,4.48
08/03/2017 11:00,9.86,0,4.53
08/03/2017 12:00,11,0,4.8
08/03/2017 13:00,12.14,0,4.56
08/03/2017 14:00,13.07,0,4.33
08/03/2017 15:00,13,0,4.52
08/03/2017 16:00,13,0,4.6
08/03/2017 17:00,12.93,0,4.66
08/03/2017 18:00,12,0,4.47
08/03/2017 19:00,10.79,0,4.86
08/03/2017 20:00,10.07,0,4.76
08/03/2017 21:00,9.29,0,4.79
08/03/2017 22:00,8.86,0,4.46
08/03/2017 23:00,8.64,0,4.26
09/03/2017 00:00,8.36,0,4.17
09/03/2017 01:00,7.79,0,3.91
09/03/2017 02:00,7.43,0,3.73
09/03/2017 03:00,7.36,0,3.58
09/03/2017 04:00,6.86,0,3.62
09/03/2017 05:00,6.79,0,3.68
09/03/2017 06:00,6.43,0,3.52
09/03/2017 07:00,6.5,0,3.95
09/03/2017 08:00,6.21,0,4.85
09/03/2017 09:00,6.79,0,5.28
09/03/2017 10:00,7.36,0,5.28
09/03/2017 11:00,8.14,0,5.42
09/03/2017 12:00,8.71,0,5.38
09/03/2017 13:00,9.57,0,5.52
09/03/2017 14:00,9.93,0,5.23
09/03/2017 15:00,10.64,0,5.3
09/03/2017 16:00,10.57,0,5.28
09/03/2017 17:00,10.57,0,5.16
09/03/2017 18:00,9.86,0,5.14
09/03/2017 19:00,9.07,0,5.18
09/03/2017 20:00,8.5,0,4.9
09/03/2017 21:00,8,0,4.91
09/03/2017 22:00,7.57,0,4.39
09/03/2017 23:00,7.64,0,4.31
10/03/2017 00:00,7.5,0,4.11
10/03/2017 01:00,7.36,0,3.93
10/03/2017 02:00,7,0,3.69
10/03/2017 03:00,7.07,0,3.64
10/03/2017 04:00,6.71,0,3.49
10/03/2017 05:00,6.71,0,3.54
10/03/2017 06:00,6.57,0,3.5
10/03/2017 07:00,6.14,0,3.96
10/03/2017 08:00,5.93,0,4.72
10/03/2017 09:00,5.93,0,5.18
10/03/2017 10:00,6.57,0,5.34
10/03/2017 11:00,6.57,0,5.43
10/03/2017 12:00,7,0,5.34
10/03/2017 13:00,7.29,0,5.22
10/03/2017 14:00,7.93,0,4.9
10/03/2017 15:00,8.14,0,5.11
10/03/2017 16:00,8.36,0,5.15
10/03/2017 17:00,8.29,0,4.93
10/03/2017 18:00,7.86,0,4.9
10/03/2017 19:00,7.07,0,4.7
10/03/2017 20:00,6.86,0,4.47
10/03/2017 21:00,6.5,0,4.38
10/03/2017 22:00,6.14,0,3.85
10/03/2017 23:00,5.93,0,3.78
11/03/2017 00:00,6.07,0,3.51
11/03/2017 01:00,5.71,0,3.71
11/03/2017 02:00,5.86,0,3.79
11/03/2017 03:00,6.14,0,3.56
11/03/2017 04:00,5.93,0,3.56
11/03/2017 05:00,5.79,0,3.69
11/03/2017 06:00,5.79,0,3.7
11/03/2017 07:00,6.07,0,4.22
11/03/2017 08:00,6.29,0,4.4
11/03/2017 09:00,6.64,0,4.39
11/03/2017 10:00,7.07,0,4.41
11/03/2017 11:00,7.79,0,4.48
11/03/2017 12:00,8.71,0,4.68
11/03/2017 13:00,8.79,0,4.77
11/03/2017 14:00,9.29,0,4.48
11/03/2017 15:00,9.36,0,4.63
11/03/2017 16:00,8.71,0,4.69
11/03/2017 17:00,8.64,0,4.56
11/03/2017 18:00,8.07,0,4.62
11/03/2017 19:00,7.57,0,4.94
11/03/2017 20:00,7.14,0,4.79
11/03/2017 21:00,6.93,0,4.84
11/03/2017 22:00,6.57,0,4.45
11/03/2017 23:00,6.43,0,4.15
12/03/2017 00:00,6.14,0,3.92
12/03/2017 01:00,5.79,0,3.84
12/03/2017 02:00,5.93,0,3.68
12/03/2017 03:00,5.86,0,3.59
12/03/2017 04:00,5.71,0,3.49
12/03/2017 05:00,5.64,0,3.58
12/03/2017 06:00,5.64,0,3.57
12/03/2017 07:00,5.57,0,4.04
12/03/2017 08:00,5.5,0,4.38
12/03/2017 09:00,5.93,0,4.27
12/03/2017 10:00,6.93,0,4.24
12/03/2017 11:00,7.07,0,4.44
12/03/2017 12:00,7.71,0,4.47
12/03/2017 13:00,8.43,0,4.49
12/03/2017 14:00,8.71,0,4.26
12/03/2017 15:00,9.07,0,4.51
12/03/2017 16:00,8.86,0,4.49
12/03/2017 17:00,9,0,4.52
12/03/2017 18:00,8.36,0,4.61
12/03/2017 19:00,7.71,0,4.72
12/03/2017 20:00,7.29,0,4.67
12/03/2017 21:00,6.57,0,4.62
12/03/2017 22:00,6.14,0,4.29
12/03/2017 23:00,5.79,0,4.18
13/03/2017 00:00,5.71,0,4
13/03/2017 01:00,5.14,0,3.7
13/03/2017 02:00,4.93,0,3.63
13/03/2017 03:00,4.71,0,3.43
13/03/2017 04:00,4.29,0,3.46
13/03/2017 05:00,4.29,0,3.68
13/03/2017 06:00,4.07,0,3.53
13/03/2017 07:00,4.07,0,3.94
13/03/2017 08:00,4.07,0,4.4
13/03/2017 09:00,4.14,0,4.93
13/03/2017 10:00,4.71,0,5.38
13/03/2017 11:00,4.71,0,5.52
13/03/2017 12:00,4.93,0,5.76
13/03/2017 13:00,4.93,0,5.48
13/03/2017 14:00,5.14,0,5.15
13/03/2017 15:00,5.36,0,5.81
13/03/2017 16:00,5.43,0,5.66
13/03/2017 17:00,5.14,0,5.66
13/03/2017 18:00,5.21,0,5.61
13/03/2017 19:00,4.36,0,5.36
13/03/2017 20:00,4.36,0,5.33
13/03/2017 21:00,4.14,0,5.22
13/03/2017 22:00,4.07,0,4.69
13/03/2017 23:00,4.21,0,4.51
14/03/2017 00:00,4.43,0,4.29
14/03/2017 01:00,4.21,0,4.1
14/03/2017 02:00,4.36,0,3.87
14/03/2017 03:00,4.07,0,3.83
14/03/2017 04:00,4.21,0,3.85
14/03/2017 05:00,4.21,0,3.84
14/03/2017 06:00,4.29,0,3.5
14/03/2017 07:00,4.57,0,3.94
14/03/2017 08:00,4.57,0,4.37
14/03/2017 09:00,5.14,0,4.77
14/03/2017 10:00,5.71,0,4.88
14/03/2017 11:00,6.07,0,5.08
14/03/2017 12:00,6.93,0,5.5
14/03/2017 13:00,7.64,0,5.27
14/03/2017 14:00,8.71,0,5.04
14/03/2017 15:00,9,0,5.1
14/03/2017 16:00,9.07,0,5.42
14/03/2017 17:00,8.86,0,5.4
14/03/2017 18:00,8.5,0,5.19
14/03/2017 19:00,8.07,0,5.4
14/03/2017 20:00,7.21,0,5.46
14/03/2017 21:00,6.79,0,5.27
14/03/2017 22:00,6.71,0,4.87
14/03/2017 23:00,6.64,0,4.85
15/03/2017 00:00,6.14,0,4.63
15/03/2017 01:00,5.86,0,4.35
15/03/2017 02:00,5.79,0,4.16
15/03/2017 03:00,5.64,0,4.1
15/03/2017 04:00,5.14,0,4.11
15/03/2017 05:00,4.79,0,4.08
15/03/2017 06:00,4.86,0,3.97
15/03/2017 07:00,4.57,0,4.08
15/03/2017 08:00,4.57,0,4.68
15/03/2017 09:00,4.93,0,5.34
15/03/2017 10:00,6.07,0,5.67
15/03/2017 11:00,7.43,0,6.15
15/03/2017 12:00,8.43,0,6.26
15/03/2017 13:00,9.86,0,6.01
15/03/2017 14:00,11.07,0,5.48
15/03/2017 15:00,11.43,0,5.7
15/03/2017 16:00,11.29,0,5.94
15/03/2017 17:00,11.21,0,5.62
15/03/2017 18:00,10.36,0,5.36
15/03/2017 19:00,9.5,0,5.52
15/03/2017 20:00,8.29,0,5.65
15/03/2017 21:00,7.36,0,5.49
15/03/2017 22:00,7.07,0,5.12
15/03/2017 23:00,6.14,0,5.06
16/03/2017 00:00,6.21,0,4.89
16/03/2017 01:00,5.93,0,4.68
16/03/2017 02:00,5.79,0,4.5
16/03/2017 03:00,5.93,0,4.33
16/03/2017 04:00,5.79,0,4.31
16/03/2017 05:00,5.57,0,4.39
16/03/2017 06:00,5.5,0,4.32
16/03/2017 07:00,5.5,0,4.52
16/03/2017 08:00,5.93,0,5.27
16/03/2017 09:00,6.29,0,5.97
16/03/2017 10:00,7,0,6.56
16/03/2017 11:00,8.14,0,6.31
16/03/2017 12:00,8.86,0,6.42
16/03/2017 13:00,9.79,0,6.35
16/03/2017 14:00,10.07,0,6.29
16/03/2017 15:00,10.43,0,6.61
16/03/2017 16:00,10.64,0,6.7
16/03/2017 17:00,11.14,0,6.51
16/03/2017 18:00,11,0,6.1
16/03/2017 19:00,9.43,0,5.92
16/03/2017 20:00,8.5,0,6.06
16/03/2017 21:00,7.07,0,5.9
16/03/2017 22:00,6.21,0,5.49
16/03/2017 23:00,5.71,0,5.41
17/03/2017 00:00,5.57,0,5.21
17/03/2017 01:00,5.5,0,5.11
17/03/2017 02:00,5.29,0,4.87
17/03/2017 03:00,5.5,0,4.73
17/03/2017 04:00,5.79,0,4.66
17/03/2017 05:00,5.5,0,4.73
17/03/2017 06:00,5.36,0,4.7
17/03/2017 07:00,5,0,4.82
17/03/2017 08:00,5.07,0,5.69
17/03/2017 09:00,5,0,6.58
17/03/2017 10:00,5.86,0,6.31
17/03/2017 11:00,7.07,0,6.64
17/03/2017 12:00,7.57,0,6.7
17/03/2017 13:00,8.21,0,6.62
17/03/2017 14:00,8.71,0,6.07
17/03/2017 15:00,9.29,0,6.38
17/03/2017 16:00,9.64,0,6.59
17/03/2017 17:00,9.93,0,6.44
17/03/2017 18:00,10,0,6
17/03/2017 19:00,8.29,0,6.25
17/03/2017 20:00,7.14,0,5.97
17/03/2017 21:00,5.07,0,6.07
17/03/2017 22:00,4.57,0,5.84
17/03/2017 23:00,3.57,0,5.77
18/03/2017 00:00,2.79,0,5.6
18/03/2017 01:00,2.21,0,5.38
18/03/2017 02:00,1.71,0,5.16
18/03/2017 03:00,1.21,0,5.05
18/03/2017 04:00,0.79,0,5.09
18/03/2017 05:00,0.93,0,5.12
18/03/2017 06:00,1.14,0,5.02
18/03/2017 07:00,1,0,5.48
18/03/2017 08:00,1.29,0,5.74
18/03/2017 09:00,2.71,0,5.69
18/03/2017 10:00,5.29,0,6.02
18/03/2017 11:00,8.64,0,6.42
18/03/2017 12:00,10.86,0,6.72
18/03/2017 13:00,13.36,0,6.4
18/03/2017 14:00,14.64,0,6.22
18/03/2017 15:00,15.71,0,6.13
18/03/2017 16:00,16.79,0,6.16
18/03/2017 17:00,17,0,6.08
18/03/2017 18:00,16.21,0,6.01
18/03/2017 19:00,14.79,0,6.27
18/03/2017 20:00,13.43,0,6
18/03/2017 21:00,12.07,0,5.96
18/03/2017 22:00,12.14,0,5.88
18/03/2017 23:00,11.07,0,5.84
19/03/2017 00:00,10.93,0,5.52
19/03/2017 01:00,10.57,0,5.49
19/03/2017 02:00,10.43,0,5.16
19/03/2017 03:00,10.5,0,5.13
19/03/2017 04:00,10.5,0,5.06
19/03/2017 05:00,9.93,0,5.16
19/03/2017 06:00,9.86,0,4.94
19/03/2017 07:00,9.86,0,5.41
19/03/2017 08:00,9.71,0,5.48
19/03/2017 09:00,9.93,0,5.55
19/03/2017 10:00,11,0,5.87
19/03/2017 11:00,11.86,0,6.1
19/03/2017 12:00,12.86,0,6.2
19/03/2017 13:00,14,0,6.33
19/03/2017 14:00,15.07,0,5.85
19/03/2017 15:00,15.93,0,6.04
19/03/2017 16:00,15.86,0,6.12
19/03/2017 17:00,15.57,0,5.87
19/03/2017 18:00,15.21,0,6.03
19/03/2017 19:00,13.79,0,6.17
19/03/2017 20:00,12.14,0,6.09
19/03/2017 21:00,11.14,0,6.3
19/03/2017 22:00,10.29,0,5.81
19/03/2017 23:00,9.64,0,5.77
20/03/2017 00:00,9.14,0,5.48
20/03/2017 01:00,8.21,0,5.28
20/03/2017 02:00,7.21,0,5.05
20/03/2017 03:00,6.64,0,4.99
20/03/2017 04:00,5.5,0,4.96
20/03/2017 05:00,4.57,0,5.11
20/03/2017 06:00,4.5,0,5.08
20/03/2017 07:00,5.07,0,5.36
20/03/2017 08:00,5.5,0,6.14
20/03/2017 09:00,6.93,0,6.53
20/03/2017 10:00,8.36,0,6.62
20/03/2017 11:00,10.57,0,6.74
20/03/2017 12:00,12.79,0,6.87
20/03/2017 13:00,15,0,6.82
20/03/2017 14:00,16.36,0,6.37
20/03/2017 15:00,17.71,0,6.81
20/03/2017 16:00,18.71,0,6.87
20/03/2017 17:00,18.93,0,6.8
20/03/2017 18:00,18.21,0,6.66
20/03/2017 19:00,16.93,0,6.74
20/03/2017 20:00,15.14,0,6.63
20/03/2017 21:00,12.86,0,6.67
20/03/2017 22:00,11.79,0,6.43
20/03/2017 23:00,10.64,0,6.22
21/03/2017 00:00,10.36,0,5.71
21/03/2017 01:00,9.57,0,5.43
21/03/2017 02:00,9,0,5.09
21/03/2017 03:00,8.14,0,4.97
21/03/2017 04:00,7.43,0,4.99
21/03/2017 05:00,6.93,0,4.99
21/03/2017 06:00,6.93,0,5
21/03/2017 07:00,6.93,0,5.49
21/03/2017 08:00,7,0,6.12
21/03/2017 09:00,8.36,0,6.44
21/03/2017 10:00,11,0,6.5
21/03/2017 11:00,13.93,0,6.64
21/03/2017 12:00,16.29,0,6.57
21/03/2017 13:00,17.86,0,6.37
21/03/2017 14:00,18.86,0,6.12
21/03/2017 15:00,19.86,0,6.4
21/03/2017 16:00,20.36,0,6.56
21/03/2017 17:00,20.14,0,6.49
21/03/2017 18:00,19.14,0,6.39
21/03/2017 19:00,18.07,0,6.52
21/03/2017 20:00,15.43,0,6.52
21/03/2017 21:00,13.07,0,6.27
21/03/2017 22:00,12.07,0,5.92
21/03/2017 23:00,10.79,0,5.91
22/03/2017 00:00,10.36,0,5.71
22/03/2017 01:00,9.36,0,5.37
22/03/2017 02:00,8.5,0,4.93
22/03/2017 03:00,8.07,0,5.02
22/03/2017 04:00,7.36,0,4.95
22/03/2017 05:00,7,0,5.08
22/03/2017 06:00,6.79,0,5.08
22/03/2017 07:00,6.21,0,5.36
22/03/2017 08:00,6.57,0,6.04
22/03/2017 09:00,8.21,0,6.66
22/03/2017 10:00,11.21,0,6.28
22/03/2017 11:00,13.57,0,6.52
22/03/2017 12:00,15.5,0,6.49
22/03/2017 13:00,16.71,0,6.44
22/03/2017 14:00,17.57,0,5.99
22/03/2017 15:00,18.29,0,6.09
22/03/2017 16:00,18.86,0,6.37
22/03/2017 17:00,18.64,0,6.45
22/03/2017 18:00,18.21,0,6.25
22/03/2017 19:00,16.57,0,6.32
22/03/2017 20:00,14.21,0,6.34
22/03/2017 21:00,12.43,0,6.28
22/03/2017 22:00,11.29,0,5.89
22/03/2017 23:00,10.21,0,5.73
23/03/2017 00:00,9.29,0,5.61
23/03/2017 01:00,8.29,0,5.19
23/03/2017 02:00,7.21,0,4.98
23/03/2017 03:00,6.5,0,4.88
23/03/2017 04:00,5.5,0,4.89
23/03/2017 05:00,5,0,4.95
23/03/2017 06:00,5,0,5
23/03/2017 07:00,4.79,0,5.28
23/03/2017 08:00,5,0,5.56
23/03/2017 09:00,6.5,0,6.05
23/03/2017 10:00,9.21,0,6.16
23/03/2017 11:00,12.21,0,6.31
23/03/2017 12:00,14.29,0,6.15
23/03/2017 13:00,15.36,0,6.03
23/03/2017 14:00,16.5,0,5.99
23/03/2017 15:00,17.71,0,6.18
23/03/2017 16:00,18.36,0,6.15
23/03/2017 17:00,18.14,0,6.18
23/03/2017 18:00,17.71,0,6.16
23/03/2017 19:00,15.93,0,6.24
23/03/2017 20:00,13.57,0,6.2
23/03/2017 21:00,12.07,0,6.12
23/03/2017 22:00,10.93,0,5.69
23/03/2017 23:00,9.43,0,5.67
24/03/2017 00:00,8.71,0,5.42
24/03/2017 01:00,7.57,0,5.24
24/03/2017 02:00,7,0,5.04
24/03/2017 03:00,6.43,0,4.85
24/03/2017 04:00,5.86,0,4.81
24/03/2017 05:00,5.07,0,4.83
24/03/2017 06:00,4.93,0,4.86
24/03/2017 07:00,4.71,0,5.2
24/03/2017 08:00,4.57,0,5.75
24/03/2017 09:00,6.43,0,6.23
24/03/2017 10:00,9.07,0,6.4
24/03/2017 11:00,12.21,0,6.43
24/03/2017 12:00,15.07,0,6.46
24/03/2017 13:00,16.57,0,6.46
24/03/2017 14:00,18.07,0,5.97
24/03/2017 15:00,18.93,0,6.21
24/03/2017 16:00,19.86,0,6.03
24/03/2017 17:00,19.93,0,5.88
24/03/2017 18:00,19.21,0,5.6
24/03/2017 19:00,18.36,0,5.79
24/03/2017 20:00,16,0,5.79
24/03/2017 21:00,13.21,0,5.74
24/03/2017 22:00,12.07,0,5.62
24/03/2017 23:00,10.43,0,5.34
25/03/2017 00:00,9.93,0,5.19
25/03/2017 01:00,9,0,4.92
25/03/2017 02:00,8.64,0,4.86
25/03/2017 03:00,7.71,0,4.54
25/03/2017 04:00,7.36,0,4.7
25/03/2017 05:00,6.93,0,4.8
25/03/2017 06:00,6.86,0,4.66
25/03/2017 07:00,7.36,0,5.04
25/03/2017 08:00,7.36,0,5.45
25/03/2017 09:00,9.43,0,5.43
25/03/2017 10:00,11.21,0,5.53
25/03/2017 11:00,13.64,0,5.84
25/03/2017 12:00,15.29,0,5.79
25/03/2017 13:00,15.64,0,5.82
25/03/2017 14:00,16.64,0,5.8
25/03/2017 15:00,16.71,0,5.82
25/03/2017 16:00,16.57,0,5.6
25/03/2017 17:00,16.29,0,5.78
25/03/2017 18:00,15.5,0,5.93
25/03/2017 19:00,14.64,0,6.04
25/03/2017 20:00,13.29,0,5.93
25/03/2017 21:00,11.86,0,5.9
25/03/2017 22:00,10.57,0,5.55
25/03/2017 23:00,9.5,0,5.32
26/03/2017 00:00,8.79,0,5.01
26/03/2017 01:00,8.21,0,4.81
26/03/2017 02:00,7.71,0,4.6
26/03/2017 04:00,7.57,0,4.7
26/03/2017 05:00,7.07,0,4.62
26/03/2017 06:00,7,0,4.63
26/03/2017 07:00,6.79,0,4.88
26/03/2017 08:00,6.86,0,5.23
26/03/2017 09:00,6.86,0,5.29
26/03/2017 10:00,8.21,0,5.38
26/03/2017 11:00,10.43,0,5.54
26/03/2017 12:00,12.64,0,5.6
26/03/2017 13:00,13.71,0,5.46
26/03/2017 14:00,15.14,0,5.49
26/03/2017 15:00,15.71,0,5.48
26/03/2017 16:00,16.07,0,5.56
26/03/2017 17:00,14.79,0,5.49
26/03/2017 18:00,13.14,0,5.56
26/03/2017 19:00,11.29,0,5.67
26/03/2017 20:00,9.5,0,5.68
26/03/2017 21:00,7.93,0,5.57
26/03/2017 22:00,7.43,0,5.25
26/03/2017 23:00,6.71,0,5.29
27/03/2017 00:00,6.57,0,4.88
27/03/2017 01:00,6.21,0,4.95
27/03/2017 02:00,5.07,0,4.84
27/03/2017 03:00,4.93,0,4.7
27/03/2017 04:00,4.21,0,4.71
27/03/2017 05:00,4.07,0,4.78
27/03/2017 06:00,3.57,0,4.78
27/03/2017 07:00,3.57,0,5.01
27/03/2017 08:00,3.36,0,5.31
27/03/2017 09:00,2.86,0,5.52
27/03/2017 10:00,4.14,0,5.72
27/03/2017 11:00,5.43,0,5.74
27/03/2017 12:00,7.14,0,5.98
27/03/2017 13:00,8.07,0,6.15
27/03/2017 14:00,9.07,0,5.89
27/03/2017 15:00,9.79,0,5.74
27/03/2017 16:00,10.5,0,5.87
27/03/2017 17:00,11.21,0,5.89
27/03/2017 18:00,11.79,0,5.65
27/03/2017 19:00,11.5,0,5.91
27/03/2017 20:00,11,0,5.81
27/03/2017 21:00,8.64,0,5.62
27/03/2017 22:00,6.86,0,5.47
27/03/2017 23:00,5.5,0,5.28
28/03/2017 00:00,4.86,0,5
28/03/2017 01:00,4.36,0,4.79
28/03/2017 02:00,3.5,0,4.75
28/03/2017 03:00,3.36,0,4.46
28/03/2017 04:00,2.79,0,4.51
28/03/2017 05:00,2.43,0,4.44
28/03/2017 06:00,2.36,0,4.51
28/03/2017 07:00,2,0,5.04
28/03/2017 08:00,1.79,0,5.51
28/03/2017 09:00,2.21,0,5.7
28/03/2017 10:00,4.79,0,5.94
28/03/2017 11:00,7.43,0,6.2
28/03/2017 12:00,10,0,6.2
28/03/2017 13:00,12.71,0,5.95
28/03/2017 14:00,14.64,0,5.51
28/03/2017 15:00,15.79,0,5.49
28/03/2017 16:00,16.86,0,5.68
28/03/2017 17:00,17.5,0,5.58
28/03/2017 18:00,17.5,0,5.49
28/03/2017 19:00,17,0,5.35
28/03/2017 20:00,15.93,0,5.24
28/03/2017 21:00,13.36,0,5.11
28/03/2017 22:00,11.57,0,4.99
28/03/2017 23:00,9.86,0,4.84
29/03/2017 00:00,8.57,0,4.64
29/03/2017 01:00,8.07,0,4.38
29/03/2017 02:00,7.21,0,4.3
29/03/2017 03:00,6.71,0,4.05
29/03/2017 04:00,6,0,4.21
29/03/2017 05:00,5.64,0,4.27
29/03/2017 06:00,4.57,0,4.17
29/03/2017 07:00,5,0,4.52
29/03/2017 08:00,5.43,0,5.13
29/03/2017 09:00,4.86,0,5.28
29/03/2017 10:00,7.86,0,5.44
29/03/2017 11:00,10.79,0,5.49
29/03/2017 12:00,14.14,0,5.58
29/03/2017 13:00,17.79,0,5.5
29/03/2017 14:00,17.14,0,5.27
29/03/2017 15:00,19.5,0,5.39
29/03/2017 16:00,20.36,0,5.43
29/03/2017 17:00,20.79,0,5.48
29/03/2017 18:00,20.21,0,5.42
29/03/2017 19:00,19.71,0,5.4
29/03/2017 20:00,18.07,0,5.28
29/03/2017 21:00,14.5,0,5.2
29/03/2017 22:00,12.5,0,4.91
29/03/2017 23:00,12,0,4.8
30/03/2017 00:00,10.71,0,4.63
30/03/2017 01:00,9.79,0,4.32
30/03/2017 02:00,9,0,4.23
30/03/2017 03:00,8.43,0,3.87
30/03/2017 04:00,7.79,0,4.06
30/03/2017 05:00,7.07,0,4.1
30/03/2017 06:00,6.57,0,4.12
30/03/2017 07:00,6.29,0,4.48
30/03/2017 08:00,6.5,0,5.01
30/03/2017 09:00,7.36,0,5.04
30/03/2017 10:00,9.5,0,5.45
30/03/2017 11:00,13,0,5.61
30/03/2017 12:00,16.64,0,5.54
30/03/2017 13:00,19,0,5.37
30/03/2017 14:00,20.36,0,5.37
30/03/2017 15:00,20.71,0,5.39
30/03/2017 16:00,21.21,0,5.56
30/03/2017 17:00,21.29,0,5.48
30/03/2017 18:00,20.64,0,5.45
30/03/2017 19:00,19.36,0,5.41
30/03/2017 20:00,17.71,0,5.31
30/03/2017 21:00,15.36,0,5.13
30/03/2017 22:00,13.86,0,4.81
30/03/2017 23:00,12.64,0,4.78
31/03/2017 00:00,11.93,0,4.5
31/03/2017 01:00,11.5,0,4.3
31/03/2017 02:00,11.07,0,4.18
31/03/2017 03:00,10.57,0,3.95
31/03/2017 04:00,9.79,0,4.09
31/03/2017 05:00,9.79,0,4.07
31/03/2017 06:00,9.29,0,3.96
31/03/2017 07:00,8.86,0,4.35
31/03/2017 08:00,8.71,0,4.81
31/03/2017 09:00,8.93,0,5
31/03/2017 10:00,10.07,0,5.16
31/03/2017 11:00,11.5,0,5.22
31/03/2017 12:00,12.29,0,5.55
31/03/2017 13:00,13.79,0,5.42
31/03/2017 14:00,14.43,0,5.27
31/03/2017 15:00,14.86,0,5.19
31/03/2017 16:00,15.29,0,5.23
31/03/2017 17:00,15.36,0,5.3
31/03/2017 18:00,15.07,0,5.18
31/03/2017 19:00,14.93,0,5.26
31/03/2017 20:00,13.43,0,5.22
31/03/2017 21:00,12.14,0,4.96
31/03/2017 22:00,10.29,0,4.78
31/03/2017 23:00,8.21,0,4.73
01/04/2017 00:00,7.29,0,4.48
